{"lr": 2.0000000000000066e-05, "data_time": 0.0009910022169137788, "grad_norm": 2.0178050589561463, "loss": 0.08783822976052762, "loss_rpn_cls": 0.0009631793658263632, "loss_rpn_bbox": 0.0030456221065833233, "s0.loss_cls": 0.010161024741828442, "s0.acc": 99.51171875, "s0.loss_bbox": 0.0043780430965125565, "s0.loss_mask": 0.030940256640315057, "s1.loss_cls": 0.00502769127022475, "s1.acc": 99.609375, "s1.loss_bbox": 0.004558613769477233, "s1.loss_mask": 0.015382169112563134, "s2.loss_cls": 0.002408664204413071, "s2.acc": 99.90234375, "s2.loss_bbox": 0.004056348445592448, "s2.loss_mask": 0.006916617495007813, "time": 0.07880833107908623, "epoch": 60, "iter": 10416, "memory": 9395, "_timestamp": 1728676327.3548265, "_runtime": 5756.488287448883, "_step": 189, "coco/Table_precision": 0.861, "coco/bbox_mAP": 0.861, "coco/bbox_mAP_50": 0.948, "coco/bbox_mAP_75": 0.906, "coco/bbox_mAP_s": -1.0, "coco/bbox_mAP_m": 0.0, "coco/bbox_mAP_l": 0.863, "coco/segm_mAP": 0.861, "coco/segm_mAP_50": 0.948, "coco/segm_mAP_75": 0.906, "coco/segm_mAP_s": -1.0, "coco/segm_mAP_m": 0.0, "coco/segm_mAP_l": 0.864, "_wandb": {"runtime": 5756}}