{"lr": 2.0000000000000066e-05, "data_time": 0.0010820381420174824, "grad_norm": 1.6066682302951814, "loss": 0.07089822549372911, "loss_rpn_cls": 0.0011201632653501292, "loss_rpn_bbox": 0.001519743593671592, "s0.loss_cls": 0.008781725757289678, "s0.acc": 99.70703125, "s0.loss_bbox": 0.003474344741553068, "s0.loss_mask": 0.026785886362195015, "s1.loss_cls": 0.0038122216425836085, "s1.acc": 100.0, "s1.loss_bbox": 0.0034397225634893403, "s1.loss_mask": 0.013043081667274237, "s2.loss_cls": 0.0014986135339131578, "s2.acc": 99.8046875, "s2.loss_bbox": 0.002720203559147194, "s2.loss_mask": 0.004702518163248896, "time": 0.08177342488593661, "epoch": 60, "iter": 20714, "memory": 9097, "_timestamp": 1728718866.1670823, "_runtime": 9152.35145330429, "_step": 369, "coco/Table_precision": 0.913, "coco/bbox_mAP": 0.915, "coco/bbox_mAP_50": 0.975, "coco/bbox_mAP_75": 0.938, "coco/bbox_mAP_s": -1.0, "coco/bbox_mAP_m": 0.9, "coco/bbox_mAP_l": 0.915, "coco/segm_mAP": 0.913, "coco/segm_mAP_50": 0.975, "coco/segm_mAP_75": 0.947, "coco/segm_mAP_s": -1.0, "coco/segm_mAP_m": 0.9, "coco/segm_mAP_l": 0.914, "_wandb": {"runtime": 9152}}