{"lr": 2.0000000000000066e-05, "data_time": 0.000989764928817749, "grad_norm": 2.709415385723114, "loss": 0.14136837780475617, "loss_rpn_cls": 0.0022790273772261573, "loss_rpn_bbox": 0.004241049296688289, "s0.loss_cls": 0.01676932979375124, "s0.acc": 98.828125, "s0.loss_bbox": 0.007769450370687991, "s0.loss_mask": 0.04683907195925713, "s1.loss_cls": 0.009503600117750467, "s1.acc": 99.4140625, "s1.loss_bbox": 0.008311143894679844, "s1.loss_mask": 0.02182997589930892, "s2.loss_cls": 0.004562450817320496, "s2.acc": 99.31640625, "s2.loss_bbox": 0.00649866963038221, "s2.loss_mask": 0.012764609325677157, "time": 0.07884033814984925, "epoch": 60, "iter": 5183, "memory": 10672, "_timestamp": 1728285360.429637, "_runtime": 3560.0329899787903, "_step": 69, "coco/Table_precision": 0.785, "coco/bbox_mAP": 0.786, "coco/bbox_mAP_50": 0.9, "coco/bbox_mAP_75": 0.846, "coco/bbox_mAP_s": -1.0, "coco/bbox_mAP_m": 0.187, "coco/bbox_mAP_l": 0.787, "coco/segm_mAP": 0.785, "coco/segm_mAP_50": 0.9, "coco/segm_mAP_75": 0.847, "coco/segm_mAP_s": -1.0, "coco/segm_mAP_m": 0.187, "coco/segm_mAP_l": 0.786, "_wandb": {"runtime": 3559}}