{"lr": 2.0000000000000066e-05, "data_time": 0.001000893503484489, "grad_norm": 1.4078479957580567, "loss": 0.05524496283382177, "loss_rpn_cls": 0.0006696999804626102, "loss_rpn_bbox": 0.001534036184020806, "s0.loss_cls": 0.0057874894118867815, "s0.acc": 99.90234375, "s0.loss_bbox": 0.0022489763516932728, "s0.loss_mask": 0.021925939433276653, "s1.loss_cls": 0.002620548167906236, "s1.acc": 99.90234375, "s1.loss_bbox": 0.0024166216608136892, "s1.loss_mask": 0.010361505886539817, "s2.loss_cls": 0.0011766479679499752, "s2.acc": 99.90234375, "s2.loss_bbox": 0.0023635486082639544, "s2.loss_mask": 0.004139949429081753, "time": 0.07498048072107436, "epoch": 60, "iter": 20832, "memory": 9522, "_timestamp": 1728228975.2369256, "_runtime": 9830.971954584122, "_step": 369, "coco/Table_precision": 0.9, "coco/bbox_mAP": 0.899, "coco/bbox_mAP_50": 0.953, "coco/bbox_mAP_75": 0.921, "coco/bbox_mAP_s": -1.0, "coco/bbox_mAP_m": -1.0, "coco/bbox_mAP_l": 0.899, "coco/segm_mAP": 0.9, "coco/segm_mAP_50": 0.953, "coco/segm_mAP_75": 0.93, "coco/segm_mAP_s": -1.0, "coco/segm_mAP_m": -1.0, "coco/segm_mAP_l": 0.9, "_wandb": {"runtime": 9830}}