{"lr": 2.0000000000000066e-05, "data_time": 0.0009831411745498996, "grad_norm": 1.873122012615204, "loss": 0.08081236138939857, "loss_rpn_cls": 0.0007069797331860173, "loss_rpn_bbox": 0.0020418426021933554, "s0.loss_cls": 0.010439322241581976, "s0.acc": 100.0, "s0.loss_bbox": 0.004187682799529285, "s0.loss_mask": 0.028818863462656736, "s1.loss_cls": 0.00530038115568459, "s1.acc": 99.70703125, "s1.loss_bbox": 0.0037947610975243152, "s1.loss_mask": 0.013292651604861021, "s2.loss_cls": 0.002610603090724908, "s2.acc": 99.609375, "s2.loss_bbox": 0.003447425051126629, "s2.loss_mask": 0.00617184866219759, "time": 0.07451872599425896, "epoch": 60, "iter": 13062, "memory": 8964, "_timestamp": 1728179300.8430376, "_runtime": 6719.852981567383, "_step": 249, "coco/Table_precision": 0.87, "coco/bbox_mAP": 0.87, "coco/bbox_mAP_50": 0.939, "coco/bbox_mAP_75": 0.912, "coco/bbox_mAP_s": -1.0, "coco/bbox_mAP_m": 0.454, "coco/bbox_mAP_l": 0.871, "coco/segm_mAP": 0.87, "coco/segm_mAP_50": 0.939, "coco/segm_mAP_75": 0.912, "coco/segm_mAP_s": -1.0, "coco/segm_mAP_m": 0.454, "coco/segm_mAP_l": 0.87, "_wandb": {"runtime": 6718}}