{"lr": 2.0000000000000066e-05, "data_time": 0.0011129747960985322, "grad_norm": 1.66359534740448, "loss": 0.07726531974971294, "loss_rpn_cls": 0.0006613174582525971, "loss_rpn_bbox": 0.001940408526425017, "s0.loss_cls": 0.009890178334899247, "s0.acc": 99.21875, "s0.loss_bbox": 0.0038385835266672077, "s0.loss_mask": 0.02642639996483922, "s1.loss_cls": 0.004687597341835499, "s1.acc": 99.0234375, "s1.loss_bbox": 0.0042160261748358605, "s1.loss_mask": 0.014242510125041009, "s2.loss_cls": 0.0019485594629077242, "s2.acc": 99.40653228759766, "s2.loss_bbox": 0.0032032438099849968, "s2.loss_mask": 0.006210494474507868, "time": 0.07346958352118424, "epoch": 60, "iter": 13593, "memory": 9286, "_timestamp": 1728168702.813734, "_runtime": 6070.069276094437, "_step": 249, "coco/Table_precision": 0.931, "coco/bbox_mAP": 0.93, "coco/bbox_mAP_50": 0.973, "coco/bbox_mAP_75": 0.964, "coco/bbox_mAP_s": -1.0, "coco/bbox_mAP_m": 0.851, "coco/bbox_mAP_l": 0.93, "coco/segm_mAP": 0.931, "coco/segm_mAP_50": 0.973, "coco/segm_mAP_75": 0.964, "coco/segm_mAP_s": -1.0, "coco/segm_mAP_m": 0.85, "coco/segm_mAP_l": 0.933, "_wandb": {"runtime": 6069}}