{"lr": 2.0000000000000066e-05, "data_time": 0.0010938693567649606, "grad_norm": 1.9667290461063385, "loss": 0.08775665365159512, "loss_rpn_cls": 0.001014968203016906, "loss_rpn_bbox": 0.002168353234155802, "s0.loss_cls": 0.009597110105678439, "s0.acc": 99.31640625, "s0.loss_bbox": 0.0035354114416986703, "s0.loss_mask": 0.032241941560059786, "s1.loss_cls": 0.004937894644681365, "s1.acc": 99.8046875, "s1.loss_bbox": 0.004243080477463082, "s1.loss_mask": 0.01625262914225459, "s2.loss_cls": 0.0026549070549663155, "s2.acc": 99.90234375, "s2.loss_bbox": 0.004037749305134639, "s2.loss_mask": 0.007072608205489815, "time": 0.07799641987712112, "epoch": 60, "iter": 11124, "memory": 9482, "_timestamp": 1728310173.5554373, "_runtime": 4960.766473293304, "_step": 189, "coco/Table_precision": 0.855, "coco/bbox_mAP": 0.856, "coco/bbox_mAP_50": 0.933, "coco/bbox_mAP_75": 0.892, "coco/bbox_mAP_s": -1.0, "coco/bbox_mAP_m": 0.0, "coco/bbox_mAP_l": 0.862, "coco/segm_mAP": 0.855, "coco/segm_mAP_50": 0.933, "coco/segm_mAP_75": 0.893, "coco/segm_mAP_s": -1.0, "coco/segm_mAP_m": 0.0, "coco/segm_mAP_l": 0.861, "_wandb": {"runtime": 4960}}