{"lr": 2.0000000000000066e-05, "data_time": 0.0010298650289319224, "grad_norm": 1.7689215922355652, "loss": 0.07949830465018749, "loss_rpn_cls": 0.0003782475312982569, "loss_rpn_bbox": 0.0019557688797067385, "s0.loss_cls": 0.008844999368302525, "s0.acc": 99.70703125, "s0.loss_bbox": 0.003819842613302171, "s0.loss_mask": 0.028850528430193662, "s1.loss_cls": 0.0047136068227700886, "s1.acc": 99.609375, "s1.loss_bbox": 0.004633690590271727, "s1.loss_mask": 0.01386272077448666, "s2.loss_cls": 0.002186608840129338, "s2.acc": 99.609375, "s2.loss_bbox": 0.004073143812711351, "s2.loss_mask": 0.00617914755595848, "time": 0.07784811123130247, "epoch": 60, "iter": 19357, "memory": 9422, "_timestamp": 1728670555.0154634, "_runtime": 8654.102374315262, "_step": 369, "coco/Table_precision": 0.914, "coco/bbox_mAP": 0.909, "coco/bbox_mAP_50": 0.965, "coco/bbox_mAP_75": 0.94, "coco/bbox_mAP_s": -1.0, "coco/bbox_mAP_m": 1.0, "coco/bbox_mAP_l": 0.909, "coco/segm_mAP": 0.914, "coco/segm_mAP_50": 0.965, "coco/segm_mAP_75": 0.949, "coco/segm_mAP_s": -1.0, "coco/segm_mAP_m": 1.0, "coco/segm_mAP_l": 0.914, "_wandb": {"runtime": 8653}}