{"lr": 0.002000000000000006, "data_time": 0.009260149002075195, "grad_norm": 4.521309435367584, "loss": 0.21546483635902405, "loss_rpn_cls": 0.0029998900945065543, "loss_rpn_bbox": 0.00718966857297346, "s0.loss_cls": 0.023039139583706857, "s0.acc": 97.94921875, "s0.loss_bbox": 0.015145572805777193, "s0.loss_mask": 0.06239844610914588, "s1.loss_cls": 0.015019860067404807, "s1.acc": 98.14453125, "s1.loss_bbox": 0.02074932667426765, "s1.loss_mask": 0.028535509631037712, "s2.loss_cls": 0.00927223039790988, "s2.acc": 98.50299835205078, "s2.loss_bbox": 0.016928369882516562, "s2.loss_mask": 0.014186821375042201, "time": 0.43074596881866456, "epoch": 14, "iter": 3155, "memory": 9121, "_timestamp": 1729629442.4422796, "_runtime": 1391.1451506614685, "_step": 55, "coco/Table_precision": 0.795, "coco/bbox_mAP": 0.752, "coco/bbox_mAP_50": 0.926, "coco/bbox_mAP_75": 0.886, "coco/bbox_mAP_s": -1.0, "coco/bbox_mAP_m": 0.6, "coco/bbox_mAP_l": 0.753, "coco/segm_mAP": 0.795, "coco/segm_mAP_50": 0.924, "coco/segm_mAP_75": 0.879, "coco/segm_mAP_s": -1.0, "coco/segm_mAP_m": 0.8, "coco/segm_mAP_l": 0.795}