{"lr": 2.0000000000000066e-05, "data_time": 0.0011594307791326463, "grad_norm": 1.8335474693775178, "loss": 0.08596738070249557, "loss_rpn_cls": 0.0007932289384916658, "loss_rpn_bbox": 0.0017524689657147973, "s0.loss_cls": 0.010455198199488223, "s0.acc": 99.8046875, "s0.loss_bbox": 0.004513073756825179, "s0.loss_mask": 0.029964129161089658, "s1.loss_cls": 0.005112696207361296, "s1.acc": 99.8046875, "s1.loss_bbox": 0.005302382544614375, "s1.loss_mask": 0.015023347716778516, "s2.loss_cls": 0.002306258429598529, "s2.acc": 99.8046875, "s2.loss_bbox": 0.0046008267626166345, "s2.loss_mask": 0.006143770180642605, "time": 0.0787207441231639, "epoch": 24, "iter": 5605, "memory": 9034, "_timestamp": 1729630549.9687123, "_runtime": 2498.6715834140778, "_step": 99, "coco/Table_precision": 0.895, "coco/bbox_mAP": 0.894, "coco/bbox_mAP_50": 0.955, "coco/bbox_mAP_75": 0.936, "coco/bbox_mAP_s": -1.0, "coco/bbox_mAP_m": 1.0, "coco/bbox_mAP_l": 0.895, "coco/segm_mAP": 0.895, "coco/segm_mAP_50": 0.956, "coco/segm_mAP_75": 0.936, "coco/segm_mAP_s": -1.0, "coco/segm_mAP_m": 1.0, "coco/segm_mAP_l": 0.895}