{"lr": 0.000732065398732066, "data_time": 0.02519125461578369, "grad_norm": 1148688109.813125, "loss": 13913462.450234376, "loss_rpn_cls": 762158.8793656349, "loss_rpn_bbox": 71585.37637657166, "s0.loss_cls": 3698277.346449585, "s0.acc": 66.66666412353516, "s0.loss_bbox": 6184194.021550903, "s0.loss_mask": 339592.431733402, "s1.loss_cls": 141.41203023910523, "s1.acc": 100.0, "s1.loss_bbox": 1165776.9284786987, "s1.loss_mask": 467509.4214201498, "s2.loss_cls": 773020.8883969306, "s2.acc": 100.0, "s2.loss_bbox": 424180.3143918991, "s2.loss_mask": 27025.43056379199, "time": 0.4337838459014893, "epoch": 1, "iter": 50, "memory": 8484, "step": 50}
{"lr": 0.0007987987987987995, "data_time": 0.010229535102844238, "grad_norm": 730446.40078125, "loss": 3723.3818048095704, "loss_rpn_cls": 10.758200780153274, "loss_rpn_bbox": 61.37874903678894, "s0.loss_cls": 459.29340076208115, "s0.acc": 75.55555725097656, "s0.loss_bbox": 2039.8823666381836, "s0.loss_mask": 24.619976349771022, "s1.loss_cls": 11.043446048498154, "s1.acc": 100.00000762939453, "s1.loss_bbox": 842.511321811676, "s1.loss_mask": 2.540179825015366, "s2.loss_cls": 0.37975879669189455, "s2.acc": 100.00000762939453, "s2.loss_bbox": 269.97314343452456, "s2.loss_mask": 1.001262881346047, "time": 0.33796704292297364, "epoch": 1, "iter": 100, "memory": 8033, "step": 100}
{"lr": 0.000865532198865533, "data_time": 0.009197101593017579, "grad_norm": 1519.3092196655273, "loss": 13.121097164154053, "loss_rpn_cls": 0.20577028804458677, "loss_rpn_bbox": 1.5683199263364076, "s0.loss_cls": 2.0570209066569807, "s0.acc": 96.97265625, "s0.loss_bbox": 1.5161697921156883, "s0.loss_mask": 2.4306841385364533, "s1.loss_cls": 2.425246042385697, "s1.acc": 98.73046875, "s1.loss_bbox": 0.3272816624864936, "s1.loss_mask": 1.183485374217853, "s2.loss_cls": 1.315535214021802, "s2.acc": 99.8046875, "s2.loss_bbox": 0.04960929320193827, "s2.loss_mask": 0.041974494619935285, "time": 0.3919462442398071, "epoch": 1, "iter": 150, "memory": 8483, "step": 150}
{"lr": 0.0009322655989322662, "data_time": 0.010114817619323731, "grad_norm": 124.23629844665527, "loss": 1.4472559809684753, "loss_rpn_cls": 0.03561055262107402, "loss_rpn_bbox": 0.17692996896803379, "s0.loss_cls": 0.22874229535460472, "s0.acc": 96.09375, "s0.loss_bbox": 0.14724205292761325, "s0.loss_mask": 0.5029721957445145, "s1.loss_cls": 0.07055020997300744, "s1.acc": 99.21875, "s1.loss_bbox": 0.024171881303191187, "s1.loss_mask": 0.18311998173594474, "s2.loss_cls": 0.034831169163808226, "s2.acc": 99.4140625, "s2.loss_bbox": 0.0035107503310428, "s2.loss_mask": 0.03957490352331661, "time": 0.3964739894866943, "epoch": 1, "iter": 200, "memory": 8484, "step": 200}
{"lr": 0.0009989989989990006, "data_time": 0.008907780647277833, "grad_norm": 78.63436027526855, "loss": 1.2873445701599122, "loss_rpn_cls": 0.028502460215240718, "loss_rpn_bbox": 0.11423408294096589, "s0.loss_cls": 0.20213081188499926, "s0.acc": 96.38671875, "s0.loss_bbox": 0.12118018932640552, "s0.loss_mask": 0.4672035747766495, "s1.loss_cls": 0.0636968294531107, "s1.acc": 97.75390625, "s1.loss_bbox": 0.03113074066117406, "s1.loss_mask": 0.1862999238818884, "s2.loss_cls": 0.021516622491180897, "s2.acc": 99.12109375, "s2.loss_bbox": 0.00427039507223526, "s2.loss_mask": 0.04717893801396713, "time": 0.40107314109802245, "epoch": 1, "iter": 250, "memory": 8483, "step": 250}
{"lr": 0.0010657323990657345, "data_time": 0.008581457138061523, "grad_norm": 16.89114133834839, "loss": 0.8452391254901886, "loss_rpn_cls": 0.022302094283513724, "loss_rpn_bbox": 0.03952471837867051, "s0.loss_cls": 0.07381829876452685, "s0.acc": 97.55859375, "s0.loss_bbox": 0.0458873030776158, "s0.loss_mask": 0.41116460025310514, "s1.loss_cls": 0.02752449506893754, "s1.acc": 98.828125, "s1.loss_bbox": 0.016062109221238643, "s1.loss_mask": 0.1552922359853983, "s2.loss_cls": 0.00875075267162174, "s2.acc": 99.4140625, "s2.loss_bbox": 0.002430289452058787, "s2.loss_mask": 0.04248222535010427, "time": 0.3901750659942627, "epoch": 1, "iter": 300, "memory": 8485, "step": 300}
