{"lr": 2.0000000000000066e-05, "data_time": 0.001177943858903708, "grad_norm": 3.293187503814697, "loss": 0.16655690118670463, "loss_rpn_cls": 0.0018102805061789694, "loss_rpn_bbox": 0.004386402739328332, "s0.loss_cls": 0.020600256333127617, "s0.acc": 98.2421875, "s0.loss_bbox": 0.010087304678745568, "s0.loss_mask": 0.05017523217946291, "s1.loss_cls": 0.011941963625140488, "s1.acc": 98.2421875, "s1.loss_bbox": 0.01111855294322595, "s1.loss_mask": 0.02795022605918348, "s2.loss_cls": 0.0061208930367138235, "s2.acc": 99.51171875, "s2.loss_bbox": 0.009994428140344099, "s2.loss_mask": 0.012371361535042525, "time": 0.07420511221148304, "epoch": 100, "iter": 86980, "memory": 8774, "_timestamp": 1725408485.2864358, "_runtime": 36847.396075725555, "_step": 1709, "coco/Table_precision": 0.825, "coco/bbox_mAP": 0.825, "coco/bbox_mAP_50": 0.92, "coco/bbox_mAP_75": 0.87, "coco/bbox_mAP_s": -1.0, "coco/bbox_mAP_m": -1.0, "coco/bbox_mAP_l": 0.825, "coco/segm_mAP": 0.825, "coco/segm_mAP_50": 0.928, "coco/segm_mAP_75": 0.879, "coco/segm_mAP_s": -1.0, "coco/segm_mAP_m": -1.0, "coco/segm_mAP_l": 0.826, "_wandb": {"runtime": 36847}}