{"lr": 2.0000000000000066e-05, "data_time": 0.0009934986102827286, "grad_norm": 1.536924524307251, "loss": 0.06307632040232419, "loss_rpn_cls": 0.0005908337830624077, "loss_rpn_bbox": 0.0015694319325120886, "s0.loss_cls": 0.006944564748555422, "s0.acc": 100.0, "s0.loss_bbox": 0.002637751786969602, "s0.loss_mask": 0.024117587730288506, "s1.loss_cls": 0.003022509802831337, "s1.acc": 99.8046875, "s1.loss_bbox": 0.0025833377032540737, "s1.loss_mask": 0.012208342347294092, "s2.loss_cls": 0.0013156997819896788, "s2.acc": 99.8046875, "s2.loss_bbox": 0.002300835131900385, "s2.loss_mask": 0.005785426504444331, "time": 0.07462612927735263, "epoch": 60, "iter": 13003, "memory": 8692, "_timestamp": 1728161963.9789, "_runtime": 6581.0744659900665, "_step": 249, "coco/Table_precision": 0.878, "coco/bbox_mAP": 0.876, "coco/bbox_mAP_50": 0.941, "coco/bbox_mAP_75": 0.907, "coco/bbox_mAP_s": -1.0, "coco/bbox_mAP_m": 0.571, "coco/bbox_mAP_l": 0.876, "coco/segm_mAP": 0.878, "coco/segm_mAP_50": 0.94, "coco/segm_mAP_75": 0.916, "coco/segm_mAP_s": -1.0, "coco/segm_mAP_m": 0.552, "coco/segm_mAP_l": 0.878, "_wandb": {"runtime": 6580}}