{"lr": 2.0000000000000066e-05, "data_time": 0.0010413496764664798, "grad_norm": 1.4410472786426545, "loss": 0.05972436059266329, "loss_rpn_cls": 0.00077274504576053, "loss_rpn_bbox": 0.0013862881758541334, "s0.loss_cls": 0.006376719758845866, "s0.acc": 99.70703125, "s0.loss_bbox": 0.0023600407829508186, "s0.loss_mask": 0.02354462554678321, "s1.loss_cls": 0.0025516923877876253, "s1.acc": 99.70703125, "s1.loss_bbox": 0.002579171812394634, "s1.loss_mask": 0.011320212595164776, "s2.loss_cls": 0.001393844123231247, "s2.acc": 100.0, "s2.loss_bbox": 0.002437267106142826, "s2.loss_mask": 0.005001752722309902, "time": 0.07603719922685132, "epoch": 60, "iter": 18531, "memory": 9052, "_timestamp": 1728356388.5183632, "_runtime": 8083.1021683216095, "_step": 369, "coco/Table_precision": 0.896, "coco/bbox_mAP": 0.898, "coco/bbox_mAP_50": 0.957, "coco/bbox_mAP_75": 0.925, "coco/bbox_mAP_s": -1.0, "coco/bbox_mAP_m": 0.454, "coco/bbox_mAP_l": 0.902, "coco/segm_mAP": 0.896, "coco/segm_mAP_50": 0.957, "coco/segm_mAP_75": 0.925, "coco/segm_mAP_s": -1.0, "coco/segm_mAP_m": 0.454, "coco/segm_mAP_l": 0.9, "_wandb": {"runtime": 8082}}