{"lr": 2.0000000000000066e-05, "data_time": 0.0011556296004462487, "grad_norm": 1.5442201364040375, "loss": 0.06699416048824787, "loss_rpn_cls": 0.0006591759357252159, "loss_rpn_bbox": 0.0014976536269386998, "s0.loss_cls": 0.008406511121429504, "s0.acc": 99.70703125, "s0.loss_bbox": 0.0029915586789138614, "s0.loss_mask": 0.023592178747057914, "s1.loss_cls": 0.0042026041750796135, "s1.acc": 100.0, "s1.loss_bbox": 0.003296698327176273, "s1.loss_mask": 0.012378943311050534, "s2.loss_cls": 0.001980785041523632, "s2.acc": 99.8046875, "s2.loss_bbox": 0.002729542390443385, "s2.loss_mask": 0.00525850934209302, "time": 0.07930619692065052, "epoch": 60, "iter": 25298, "memory": 8851, "_timestamp": 1728760576.6498733, "_runtime": 11270.552446365356, "_step": 489, "coco/Table_precision": 0.898, "coco/bbox_mAP": 0.898, "coco/bbox_mAP_50": 0.957, "coco/bbox_mAP_75": 0.919, "coco/bbox_mAP_s": -1.0, "coco/bbox_mAP_m": 0.9, "coco/bbox_mAP_l": 0.898, "coco/segm_mAP": 0.898, "coco/segm_mAP_50": 0.957, "coco/segm_mAP_75": 0.919, "coco/segm_mAP_s": -1.0, "coco/segm_mAP_m": 0.9, "coco/segm_mAP_l": 0.899, "_wandb": {"runtime": 11270}}