{"lr": 2.0000000000000066e-05, "data_time": 0.0010329828994629768, "grad_norm": 1.7645247733592988, "loss": 0.07027128882706166, "loss_rpn_cls": 0.0005145027702383231, "loss_rpn_bbox": 0.001827894383459352, "s0.loss_cls": 0.007639606283046305, "s0.acc": 99.8046875, "s0.loss_bbox": 0.002655658326111734, "s0.loss_mask": 0.0273622821085155, "s1.loss_cls": 0.003956275484524667, "s1.acc": 99.4140625, "s1.loss_bbox": 0.003007904322585091, "s1.loss_mask": 0.012565701361745596, "s2.loss_cls": 0.0019094903697259725, "s2.acc": 99.90234375, "s2.loss_bbox": 0.0032098668097751215, "s2.loss_mask": 0.0056221056682989, "time": 0.07441055511649688, "epoch": 60, "iter": 18295, "memory": 9092, "_timestamp": 1728193262.988863, "_runtime": 8757.59597492218, "_step": 369, "coco/Table_precision": 0.89, "coco/bbox_mAP": 0.889, "coco/bbox_mAP_50": 0.955, "coco/bbox_mAP_75": 0.922, "coco/bbox_mAP_s": -1.0, "coco/bbox_mAP_m": 0.0, "coco/bbox_mAP_l": 0.889, "coco/segm_mAP": 0.89, "coco/segm_mAP_50": 0.956, "coco/segm_mAP_75": 0.923, "coco/segm_mAP_s": -1.0, "coco/segm_mAP_m": 0.0, "coco/segm_mAP_l": 0.89, "_wandb": {"runtime": 8757}}