{"lr": 0.000732065398732066, "data_time": 0.021608552932739257, "grad_norm": 2608928855.14, "loss": 30443702.648203123, "loss_rpn_cls": 602788.8246228409, "loss_rpn_bbox": 228287.16763931274, "s0.loss_cls": 4843153.13532135, "s0.acc": 88.88888549804688, "s0.loss_bbox": 17243765.037293702, "s0.loss_mask": 47866.56583023729, "s1.loss_cls": 901337.2798342896, "s1.acc": 100.0, "s1.loss_bbox": 4223582.611869812, "s1.loss_mask": 657420.0705910921, "s2.loss_cls": 31.13481750488281, "s2.acc": 100.0, "s2.loss_bbox": 1513430.9760084534, "s2.loss_mask": 182038.2495726645, "time": 0.4047549295425415, "epoch": 1, "iter": 50, "memory": 8498, "step": 50}
{"lr": 0.0007987987987987995, "data_time": 0.010705938339233398, "grad_norm": 337253.6841113281, "loss": 2590.2284204769135, "loss_rpn_cls": 8.62898939812556, "loss_rpn_bbox": 27.366387681961058, "s0.loss_cls": 984.2657153463364, "s0.acc": 97.94921875, "s0.loss_bbox": 1020.7535316097736, "s0.loss_mask": 41.54539276520268, "s1.loss_cls": 32.817611129283904, "s1.acc": 99.4140625, "s1.loss_bbox": 353.07556650042534, "s1.loss_mask": 2.018185519714898, "s2.loss_cls": 5.146279339475103, "s2.acc": 99.609375, "s2.loss_bbox": 113.99267428018153, "s2.loss_mask": 0.6180387240777844, "time": 0.37308799266815185, "epoch": 1, "iter": 100, "memory": 8151, "step": 100}
{"lr": 0.000865532198865533, "data_time": 0.009187960624694824, "grad_norm": 2791.252311401367, "loss": 16.448879499435424, "loss_rpn_cls": 0.34060454681573904, "loss_rpn_bbox": 2.5059103265404703, "s0.loss_cls": 2.9631871183216574, "s0.acc": 97.38562774658203, "s0.loss_bbox": 3.5086238856613634, "s0.loss_mask": 2.671525197029114, "s1.loss_cls": 2.0050195803289537, "s1.acc": 98.03921508789062, "s1.loss_bbox": 0.8497836605831981, "s1.loss_mask": 0.7303479314650168, "s2.loss_cls": 0.6012480152491481, "s2.acc": 98.03921508789062, "s2.loss_bbox": 0.16786009062081575, "s2.loss_mask": 0.10476924238987977, "time": 0.39103015422821047, "epoch": 1, "iter": 150, "memory": 8498, "step": 150}
{"lr": 0.0009322655989322662, "data_time": 0.008939805030822754, "grad_norm": 507.7997764587402, "loss": 4.170070713758468, "loss_rpn_cls": 0.25174826560541985, "loss_rpn_bbox": 0.8507618355751038, "s0.loss_cls": 0.5931118053942919, "s0.acc": 99.21875, "s0.loss_bbox": 0.6486666408181191, "s0.loss_mask": 0.8283936294913292, "s1.loss_cls": 0.27435228243470194, "s1.acc": 99.609375, "s1.loss_bbox": 0.1771189749240875, "s1.loss_mask": 0.3765800952655263, "s2.loss_cls": 0.0892133050551638, "s2.acc": 99.31640625, "s2.loss_bbox": 0.05111804475425743, "s2.loss_mask": 0.029005770391859188, "time": 0.3984867334365845, "epoch": 1, "iter": 200, "memory": 8499, "step": 200}
{"lr": 0.0009989989989990006, "data_time": 0.007895569801330566, "grad_norm": 87.5496187210083, "loss": 1.2168354654312135, "loss_rpn_cls": 0.029997328356839718, "loss_rpn_bbox": 0.09502444814890623, "s0.loss_cls": 0.19052764549851417, "s0.acc": 90.8203125, "s0.loss_bbox": 0.12907809603959322, "s0.loss_mask": 0.45389083921909334, "s1.loss_cls": 0.06622442821972072, "s1.acc": 99.31640625, "s1.loss_bbox": 0.02150063435547054, "s1.loss_mask": 0.1688792449235916, "s2.loss_cls": 0.015476053329184652, "s2.acc": 99.8046875, "s2.loss_bbox": 0.0030156110296957195, "s2.loss_mask": 0.043221134403720496, "time": 0.395575213432312, "epoch": 1, "iter": 250, "memory": 8498, "step": 250}
{"lr": 0.0010657323990657345, "data_time": 0.008307223320007323, "grad_norm": 23.7173791885376, "loss": 0.9514456593990326, "loss_rpn_cls": 0.028058439819142224, "loss_rpn_bbox": 0.03386127202305943, "s0.loss_cls": 0.11598332531750202, "s0.acc": 96.77734375, "s0.loss_bbox": 0.06482105936855077, "s0.loss_mask": 0.4180342733860016, "s1.loss_cls": 0.03720965066924691, "s1.acc": 98.73046875, "s1.loss_bbox": 0.020381898758932947, "s1.loss_mask": 0.16611927449703218, "s2.loss_cls": 0.01081815014127642, "s2.acc": 99.31640625, "s2.loss_bbox": 0.0036708612309303136, "s2.loss_mask": 0.05248745731078088, "time": 0.3912558698654175, "epoch": 1, "iter": 300, "memory": 8499, "step": 300}
{"lr": 0.0011324657991324683, "data_time": 0.0070641088485717774, "grad_norm": 20.814055223464965, "loss": 0.9204958379268646, "loss_rpn_cls": 0.017296588979661465, "loss_rpn_bbox": 0.02439791526994668, "s0.loss_cls": 0.10849883429706096, "s0.acc": 97.75390625, "s0.loss_bbox": 0.06278994403779507, "s0.loss_mask": 0.4146870708465576, "s1.loss_cls": 0.03464539246633649, "s1.acc": 97.16796875, "s1.loss_bbox": 0.0240399862639606, "s1.loss_mask": 0.1681163242459297, "s2.loss_cls": 0.011159887607209384, "s2.acc": 99.21875, "s2.loss_bbox": 0.0041613577451062155, "s2.loss_mask": 0.05070254172198475, "time": 0.3877188968658447, "epoch": 1, "iter": 350, "memory": 8498, "step": 350}
{"lr": 0.0011991991991992014, "data_time": 0.009352555274963379, "grad_norm": 16.999684171676634, "loss": 0.8582345938682556, "loss_rpn_cls": 0.03479450629092753, "loss_rpn_bbox": 0.032798780337907375, "s0.loss_cls": 0.08249529719352722, "s0.acc": 97.8515625, "s0.loss_bbox": 0.047259837687015534, "s0.loss_mask": 0.3981558668613434, "s1.loss_cls": 0.03035811210051179, "s1.acc": 98.828125, "s1.loss_bbox": 0.02045669702347368, "s1.loss_mask": 0.15787929952144622, "s2.loss_cls": 0.009102062042802572, "s2.acc": 99.31640625, "s2.loss_bbox": 0.003089533633356041, "s2.loss_mask": 0.04184459998738021, "time": 0.4036067485809326, "epoch": 1, "iter": 400, "memory": 8500, "step": 400}
{"lr": 0.0012659325992659355, "data_time": 0.007662949562072754, "grad_norm": 18.94551139831543, "loss": 0.876433732509613, "loss_rpn_cls": 0.020867025712504983, "loss_rpn_bbox": 0.02736671920400113, "s0.loss_cls": 0.10291034691035747, "s0.acc": 96.38671875, "s0.loss_bbox": 0.055489261820912364, "s0.loss_mask": 0.38685874819755556, "s1.loss_cls": 0.03676201602444053, "s1.acc": 97.4609375, "s1.loss_bbox": 0.022870875187218188, "s1.loss_mask": 0.1575816661119461, "s2.loss_cls": 0.011102181719616055, "s2.acc": 98.6328125, "s2.loss_bbox": 0.004873539184191031, "s2.loss_mask": 0.04975134923588485, "time": 0.3863833808898926, "epoch": 1, "iter": 450, "memory": 8499, "step": 450}
{"lr": 0.0013326659993326694, "data_time": 0.008668513298034667, "grad_norm": 13.208393859863282, "loss": 0.8344797849655151, "loss_rpn_cls": 0.0192345553310588, "loss_rpn_bbox": 0.024953912044875324, "s0.loss_cls": 0.08552770975977182, "s0.acc": 97.75390625, "s0.loss_bbox": 0.05135824836790562, "s0.loss_mask": 0.3829402583837509, "s1.loss_cls": 0.030559318051673473, "s1.acc": 98.4375, "s1.loss_bbox": 0.02256821214890806, "s1.loss_mask": 0.15721922691911458, "s2.loss_cls": 0.009064994803629815, "s2.acc": 99.12109375, "s2.loss_bbox": 0.004068768057550187, "s2.loss_mask": 0.04698457607999444, "time": 0.39070414543151855, "epoch": 1, "iter": 500, "memory": 8498, "step": 500}
{"lr": 0.0013993993993994022, "data_time": 0.009134316444396972, "grad_norm": 11.275215711593628, "loss": 0.8396821558475495, "loss_rpn_cls": 0.021758173182606696, "loss_rpn_bbox": 0.02113512996584177, "s0.loss_cls": 0.08568222165107726, "s0.acc": 98.33984375, "s0.loss_bbox": 0.04783667551353574, "s0.loss_mask": 0.383622961640358, "s1.loss_cls": 0.030150796938687562, "s1.acc": 98.828125, "s1.loss_bbox": 0.02241148304659873, "s1.loss_mask": 0.1600666831433773, "s2.loss_cls": 0.00921058575157076, "s2.acc": 99.4140625, "s2.loss_bbox": 0.0040752069239533735, "s2.loss_mask": 0.053732240833342076, "time": 0.3940154504776001, "epoch": 1, "iter": 550, "memory": 8498, "step": 550}
{"lr": 0.0014661327994661365, "data_time": 0.009244656562805176, "grad_norm": 11.65906141757965, "loss": 0.8111856639385223, "loss_rpn_cls": 0.0225482514500618, "loss_rpn_bbox": 0.031636668269056825, "s0.loss_cls": 0.08676972165703774, "s0.acc": 97.16796875, "s0.loss_bbox": 0.050578154306858775, "s0.loss_mask": 0.35102481514215467, "s1.loss_cls": 0.03165502661839128, "s1.acc": 98.53515625, "s1.loss_bbox": 0.025173996326484486, "s1.loss_mask": 0.151248686760664, "s2.loss_cls": 0.00965148833580315, "s2.acc": 99.21875, "s2.loss_bbox": 0.004902538456449292,