{"lr": 2.0000000000000066e-05, "data_time": 0.0010051891431278185, "grad_norm": 1.4549897480010987, "loss": 0.06101744264364242, "loss_rpn_cls": 0.0003961187166714808, "loss_rpn_bbox": 0.0009717296971939504, "s0.loss_cls": 0.007817676533013582, "s0.acc": 99.51171875, "s0.loss_bbox": 0.0023172506492119284, "s0.loss_mask": 0.024172250796109438, "s1.loss_cls": 0.0031276277464348822, "s1.acc": 99.70703125, "s1.loss_bbox": 0.0026335500192362815, "s1.loss_mask": 0.011540742805227638, "s2.loss_cls": 0.0015115084423450752, "s2.acc": 99.8046875, "s2.loss_bbox": 0.002119773499434814, "s2.loss_mask": 0.0044092133524827656, "time": 0.07439542384875736, "epoch": 60, "iter": 18295, "memory": 9161, "_timestamp": 1728210410.1488137, "_runtime": 8726.552307605743, "_step": 369, "coco/Table_precision": 0.876, "coco/bbox_mAP": 0.875, "coco/bbox_mAP_50": 0.934, "coco/bbox_mAP_75": 0.902, "coco/bbox_mAP_s": -1.0, "coco/bbox_mAP_m": 0.303, "coco/bbox_mAP_l": 0.877, "coco/segm_mAP": 0.876, "coco/segm_mAP_50": 0.934, "coco/segm_mAP_75": 0.911, "coco/segm_mAP_s": -1.0, "coco/segm_mAP_m": 0.303, "coco/segm_mAP_l": 0.877, "_wandb": {"runtime": 8726}}