{"lr": 0.000732065398732066, "data_time": 0.023764615058898927, "grad_norm": 909043676.38, "loss": 10485624.727302246, "loss_rpn_cls": 503875.62356312753, "loss_rpn_bbox": 96932.9350429535, "s0.loss_cls": 362218.14081329346, "s0.acc": 100.0, "s0.loss_bbox": 7054070.6183807375, "s0.loss_mask": 141844.11586723925, "s1.loss_cls": 40815.49623214722, "s1.acc": 100.0, "s1.loss_bbox": 1642254.466609497, "s1.loss_mask": 75760.83189182758, "s2.loss_cls": 632.2273286437988, "s2.acc": 100.0, "s2.loss_bbox": 497059.3199433899, "s2.loss_mask": 70161.04714266777, "time": 0.40865670204162596, "epoch": 1, "iter": 50, "memory": 8488, "step": 50}
{"lr": 0.0007987987987987995, "data_time": 0.009065279960632324, "grad_norm": 267345.7187597656, "loss": 1831.4519935417175, "loss_rpn_cls": 6.507993219308557, "loss_rpn_bbox": 37.7883309096098, "s0.loss_cls": 520.7740510159731, "s0.acc": 98.39080047607422, "s0.loss_bbox": 861.5024864727259, "s0.loss_mask": 43.23361243665218, "s1.loss_cls": 52.18564724445343, "s1.acc": 99.77011108398438, "s1.loss_bbox": 198.41381907477975, "s1.loss_mask": 0.6368249483592808, "s2.loss_cls": 8.857491146326065, "s2.acc": 99.77011108398438, "s2.loss_bbox": 100.33284870497883, "s2.loss_mask": 1.2190135116875171, "time": 0.3471157455444336, "epoch": 1, "iter": 100, "memory": 8488, "step": 100}
{"lr": 0.000865532198865533, "data_time": 0.008139781951904297, "grad_norm": 4203.686513671875, "loss": 25.221878056526183, "loss_rpn_cls": 0.5841531696729362, "loss_rpn_bbox": 5.027425318360328, "s0.loss_cls": 4.5838409642875195, "s0.acc": 99.4140625, "s0.loss_bbox": 5.485707631409168, "s0.loss_mask": 4.768559430316091, "s1.loss_cls": 2.3716206954955124, "s1.acc": 99.8046875, "s1.loss_bbox": 1.1491732639074326, "s1.loss_mask": 0.544115032934933, "s2.loss_cls": 0.33104667538363175, "s2.acc": 99.8046875, "s2.loss_bbox": 0.3399952483549714, "s2.loss_mask": 0.03624048980214866, "time": 0.37206119060516357, "epoch": 1, "iter": 150, "memory": 8488, "step": 150}
{"lr": 0.0009322655989322662, "data_time": 0.010218892097473144, "grad_norm": 240.54822319030762, "loss": 1.9666866612434388, "loss_rpn_cls": 0.03776881793513894, "loss_rpn_bbox": 0.2794837310910225, "s0.loss_cls": 0.3557556702569127, "s0.acc": 95.01953125, "s0.loss_bbox": 0.27107971243560314, "s0.loss_mask": 0.599628377854824, "s1.loss_cls": 0.09536755047738552, "s1.acc": 98.53515625, "s1.loss_bbox": 0.028172281458973884, "s1.loss_mask": 0.18117444816976785, "s2.loss_cls": 0.0733946196641773, "s2.acc": 99.51171875, "s2.loss_bbox": 0.005543917877366767, "s2.loss_mask": 0.03931754626799375, "time": 0.39466637134552, "epoch": 1, "iter": 200, "memory": 8488, "step": 200}
{"lr": 0.0009989989989990006, "data_time": 0.007828073501586914, "grad_norm": 80.89522041320801, "loss": 1.2072955763339996, "loss_rpn_cls": 0.024454786079004406, "loss_rpn_bbox": 0.06926170627586543, "s0.loss_cls": 0.1872066892683506, "s0.acc": 92.48046875, "s0.loss_bbox": 0.11928815320134163, "s0.loss_mask": 0.46202232599258425, "s1.loss_cls": 0.06278124179691076, "s1.acc": 98.14453125, "s1.loss_bbox": 0.025762559119611977, "s1.loss_mask": 0.17703629452735187, "s2.loss_cls": 0.019016843205317855, "s2.acc": 99.4140625, "s2.loss_bbox": 0.004747104839188978, "s2.loss_mask": 0.055717864437028766, "time": 0.39914584636688233, "epoch": 1, "iter": 250, "memory": 8488, "step": 250}
{"lr": 0.0010657323990657345, "data_time": 0.008313689231872558, "grad_norm": 38.96324033737183, "loss": 1.073868590593338, "loss_rpn_cls": 0.029172061323188246, "loss_rpn_bbox": 0.03971472509205341, "s0.loss_cls": 0.1640825220197439, "s0.acc": 97.55859375, "s0.loss_bbox": 0.0819985382258892, "s0.loss_mask": 0.46660534501075746, "s1.loss_cls": 0.04220286245457828, "s1.acc": 99.4140625, "s1.loss_bbox": 0.020062179043889045, "s1.loss_mask": 0.16756840597838163, "s2.loss_cls": 0.014001462683081627, "s2.acc": 99.609375, "s2.loss_bbox": 0.0030881257567671127, "s2.loss_mask": 0.04537237384007312, "time": 0.3978318214416504, "epoch": 1, "iter": 300, "memory": 8489, "step": 300}
{"lr": 0.0011324657991324683, "data_time": 0.008329558372497558, "grad_norm": 16.74324812889099, "loss": 0.8673664796352386, "loss_rpn_cls": 0.02763938218355179, "loss_rpn_bbox": 0.042851067436859014, "s0.loss_cls": 0.08789257943630219, "s0.acc": 98.14453125, "s0.loss_bbox": 0.04759210407733917, "s0.loss_mask": 0.4052837127447128, "s1.loss_cls": 0.03023753521963954, "s1.acc": 99.21875, "s1.loss_bbox": 0.016889666878269052, "s1.loss_mask": 0.15377597242593766, "s2.loss_cls": 0.008189240279607475, "s2.acc": 99.609375, "s2.loss_bbox": 0.002515382890269393, "s2.loss_mask": 0.04449982900638133, "time": 0.3888174867630005, "epoch": 1, "iter": 350, "memory": 8488, "step": 350}
{"lr": 0.0011991991991992014, "data_time": 0.009328341484069825, "grad_norm": 13.448885135650634, "loss": 0.84329545378685, "loss_rpn_cls": 0.023752061547711492, "loss_rpn_bbox": 0.02569759776815772, "s0.loss_cls": 0.07837146833539009, "s0.acc": 97.4609375, "s0.loss_bbox": 0.04559609105810523, "s0.loss_mask": 0.40214079797267915, "s1.loss_cls": 0.02949311075732112, "s1.acc": 99.0234375, "s1.loss_bbox": 0.02031063185597304, "s1.loss_mask": 0.15773332219570876, "s2.loss_cls": 0.008923448394052685, "s2.acc": 99.609375, "s2.loss_bbox": 0.003445199114867137, "s2.loss_mask": 0.04783172554336488, "time": 0.3961107349395752, "epoch": 1, "iter": 400, "memory": 8488, "step": 400}
{"lr": 0.0012659325992659355, "data_time": 0.007584004402160644, "grad_norm": 19.716283349990846, "loss": 0.8365947490930558, "loss_rpn_cls": 0.022103129466995598, "loss_rpn_bbox": 0.03178109216038138, "s0.loss_cls": 0.07943613197654485, "s0.acc": 95.5078125, "s0.loss_bbox": 0.043604258736595514, "s0.loss_mask": 0.40169394940137865, "s1.loss_cls": 0.027718960046768187, "s1.acc": 97.36328125, "s1.loss_bbox": 0.018877122226404027, "s1.loss_mask": 0.14972759649157524, "s2.loss_cls": 0.009109686515294015, "s2.acc": 98.828125, "s2.loss_bbox": 0.003918711787591746, "s2.loss_mask": 0.04862410373520106, "time": 0.3913591480255127, "epoch": 1, "iter": 450, "memory": 8488, "step": 450}
{"lr": 0.0013326659993326694, "data_time": 0.008126044273376464, "grad_norm": 20.70362368106842, "loss": 0.857178658246994, "loss_rpn_cls": 0.026873124404810367, "loss_rpn_bbox": 0.026347092860378327, "s0.loss_cls": 0.09815552223473788, "s0.acc": 99.0234375, "s0.loss_bbox": 0.05234629051759839, "s0.loss_mask": 0.3943669393658638, "s1.loss_cls": 0.032412845697253945, "s1.acc": 99.0234375, "s1.loss_bbox": 0.0193567580106901, "s1.loss_mask": 0.15608264040201902, "s2.loss_cls": 0.009250921662896872, "s2.acc": 99.4140625, "s2.loss_bbox": 0.0025867614743765445, "s2.loss_mask": 0.03939976443303749, "time": 0.3926918315887451, "epoch": 1, "iter": 500, "memory": 8488, "step": 500}
{"lr": 0.0013993993993994022, "data_time": 0.00876589298248291, "grad_norm": 10.666506700515747, "loss": 0.8192272824048996, "loss_rpn_cls": 0.02083556154742837, "loss_rpn_bbox": 0.019734400967136027, "s0.loss_cls": 0.07210567846894264, "s0.acc": 96.484375, "s0.loss_bbox": 0.039868861949071285, "s0.loss_mask": 0.39846321374177934, "s1.loss_cls": 0.026802164409309624, "s1.acc": 98.2421875, "s1.loss_bbox": 0.02087706936057657, "s1.loss_mask": 0.15987294688820838, "s2.loss_cls": 0.008630477944388986, "s2.acc": 99.12109375, "s2.loss_bbox": 0.00411758302594535, "s2.loss_mask": 0.047919319649226966, "time": 0.3890707588195801, "epoch": 1, "iter": 550, "memory": 8489, "step": 550}
{"lr": 0.0014661327994661365, "data_time": 0.009587407112121582, "grad_norm": 9.44475570678711, "loss": 0.8113087439537048, "loss_rpn_cls": 0.023830921105109155, "loss_rpn_bbox": 0.021301833132747562, "s0.loss_cls": 0.07286633603274822, "s0.acc": 98.2421875, "s0.loss_bbox": 0.04253568065352738, "s0.loss_mask": 0.3865664029121399, "s1.loss_cls": 0.028406973630189895, "s1.acc": 99.0234375, "s1.loss_bbox": 0.02014015343564097, "s1.loss_mask": 0.153761053904891, "s2.loss_cls": 0.009913116027601063, "s2.acc": 99.12109375, "s2.loss_bbox": 0.00407622282498778,