{"lr": 2.0000000000000066e-05, "data_time": 0.0011004479890017165, "grad_norm": 2.395523804426193, "loss": 0.1188429506868124, "loss_rpn_cls": 0.0015426207267591962, "loss_rpn_bbox": 0.004318429938866757, "s0.loss_cls": 0.01215303816832602, "s0.acc": 99.70703125, "s0.loss_bbox": 0.005928513153921813, "s0.loss_mask": 0.04047367364168167, "s1.loss_cls": 0.006848704409785569, "s1.acc": 99.70703125, "s1.loss_bbox": 0.007453136548865587, "s1.loss_mask": 0.01969305606558919, "s2.loss_cls": 0.003525060071842745, "s2.acc": 99.90234375, "s2.loss_bbox": 0.006762516512535513, "s2.loss_mask": 0.010144201843068003, "time": 0.07668276300135347, "epoch": 60, "iter": 9472, "memory": 9360, "_timestamp": 1728143830.583071, "_runtime": 4241.692491054535, "_step": 189, "coco/Table_precision": 0.823, "coco/bbox_mAP": 0.826, "coco/bbox_mAP_50": 0.93, "coco/bbox_mAP_75": 0.871, "coco/bbox_mAP_s": -1.0, "coco/bbox_mAP_m": 0.564, "coco/bbox_mAP_l": 0.83, "coco/segm_mAP": 0.823, "coco/segm_mAP_50": 0.927, "coco/segm_mAP_75": 0.871, "coco/segm_mAP_s": -1.0, "coco/segm_mAP_m": 0.564, "coco/segm_mAP_l": 0.827, "_wandb": {"runtime": 4241}}