{"lr": 2.0000000000000066e-05, "data_time": 0.0009937594087356364, "grad_norm": 1.4863676083087922, "loss": 0.05947273440659046, "loss_rpn_cls": 0.0008812450492223433, "loss_rpn_bbox": 0.001110668909168453, "s0.loss_cls": 0.006860609746072441, "s0.acc": 99.90234375, "s0.loss_bbox": 0.0027473375806584955, "s0.loss_mask": 0.021980109428986906, "s1.loss_cls": 0.0032617493002908304, "s1.acc": 99.70703125, "s1.loss_bbox": 0.002983721503987908, "s1.loss_mask": 0.011550375232473016, "s2.loss_cls": 0.001528690219274722, "s2.acc": 99.8046875, "s2.loss_bbox": 0.0024596325168386103, "s2.loss_mask": 0.004108594150748104, "time": 0.07851410208423097, "epoch": 60, "iter": 20832, "memory": 9238, "_timestamp": 1728748699.927679, "_runtime": 9898.67108798027, "_step": 369, "coco/Table_precision": 0.864, "coco/bbox_mAP": 0.864, "coco/bbox_mAP_50": 0.919, "coco/bbox_mAP_75": 0.897, "coco/bbox_mAP_s": -1.0, "coco/bbox_mAP_m": 0.293, "coco/bbox_mAP_l": 0.867, "coco/segm_mAP": 0.864, "coco/segm_mAP_50": 0.919, "coco/segm_mAP_75": 0.897, "coco/segm_mAP_s": -1.0, "coco/segm_mAP_m": 0.327, "coco/segm_mAP_l": 0.866, "_wandb": {"runtime": 9898}}