{"lr": 2.0000000000000066e-05, "data_time": 0.0010566818554588304, "grad_norm": 1.5221794366836547, "loss": 0.059828796051442625, "loss_rpn_cls": 0.0006874346584481827, "loss_rpn_bbox": 0.0014928496128413825, "s0.loss_cls": 0.006280242835055105, "s0.acc": 99.8046875, "s0.loss_bbox": 0.002144149834057316, "s0.loss_mask": 0.024917853586375712, "s1.loss_cls": 0.002716265335911885, "s1.acc": 99.70703125, "s1.loss_bbox": 0.0023351827892474832, "s1.loss_mask": 0.011180116906762122, "s2.loss_cls": 0.0012936568225268275, "s2.acc": 100.0, "s2.loss_bbox": 0.002232711160904728, "s2.loss_mask": 0.004548331953119486, "time": 0.07823496247796666, "epoch": 60, "iter": 20832, "memory": 9321, "_timestamp": 1728288271.7529774, "_runtime": 9951.431034326553, "_step": 369, "coco/Table_precision": 0.868, "coco/bbox_mAP": 0.868, "coco/bbox_mAP_50": 0.927, "coco/bbox_mAP_75": 0.908, "coco/bbox_mAP_s": -1.0, "coco/bbox_mAP_m": 0.438, "coco/bbox_mAP_l": 0.87, "coco/segm_mAP": 0.868, "coco/segm_mAP_50": 0.936, "coco/segm_mAP_75": 0.9, "coco/segm_mAP_s": -1.0, "coco/segm_mAP_m": 0.438, "coco/segm_mAP_l": 0.871, "_wandb": {"runtime": 9951}}