{"lr": 2.0000000000000066e-05, "data_time": 0.001202293278015766, "grad_norm": 3.5280422151088713, "loss": 0.16661242596805095, "loss_rpn_cls": 0.0014227800418666447, "loss_rpn_bbox": 0.003629736448638141, "s0.loss_cls": 0.022686551632359622, "s0.acc": 99.90234375, "s0.loss_bbox": 0.011769601008854807, "s0.loss_mask": 0.04851581830531359, "s1.loss_cls": 0.010776258937548846, "s1.acc": 99.609375, "s1.loss_bbox": 0.013499367274343968, "s1.loss_mask": 0.0256158503703773, "s2.loss_cls": 0.005470093105686829, "s2.acc": 99.4140625, "s2.loss_bbox": 0.01155039482517168, "s2.loss_mask": 0.011675974447280168, "time": 0.07513688274265565, "epoch": 100, "iter": 82772, "memory": 9339, "_timestamp": 1725452233.6178746, "_runtime": 35658.24223065376, "_step": 1609, "coco/Table_precision": 0.825, "coco/bbox_mAP": 0.82, "coco/bbox_mAP_50": 0.919, "coco/bbox_mAP_75": 0.863, "coco/bbox_mAP_s": -1.0, "coco/bbox_mAP_m": -1.0, "coco/bbox_mAP_l": 0.82, "coco/segm_mAP": 0.825, "coco/segm_mAP_50": 0.908, "coco/segm_mAP_75": 0.878, "coco/segm_mAP_s": -1.0, "coco/segm_mAP_m": -1.0, "coco/segm_mAP_l": 0.825, "_wandb": {"runtime": 35658}}