{"lr": 2.0000000000000066e-05, "data_time": 0.001198708396597007, "grad_norm": 1.687533166408539, "loss": 0.07760203700512648, "loss_rpn_cls": 0.0006697090992020093, "loss_rpn_bbox": 0.0014359693662845529, "s0.loss_cls": 0.008107693085912615, "s0.acc": 99.70703125, "s0.loss_bbox": 0.003253495392855257, "s0.loss_mask": 0.03007372498512268, "s1.loss_cls": 0.003928732853964902, "s1.acc": 99.90234375, "s1.loss_bbox": 0.004170582256047055, "s1.loss_mask": 0.014146394217386843, "s2.loss_cls": 0.0020019904000218957, "s2.acc": 99.51171875, "s2.loss_bbox": 0.00407207302749157, "s2.loss_mask": 0.005741672518197447, "time": 0.07737589619823337, "epoch": 60, "iter": 21531, "memory": 9374, "_timestamp": 1728656430.1610777, "_runtime": 9568.048639774323, "_step": 429, "coco/Table_precision": 0.9, "coco/bbox_mAP": 0.903, "coco/bbox_mAP_50": 0.948, "coco/bbox_mAP_75": 0.923, "coco/bbox_mAP_s": -1.0, "coco/bbox_mAP_m": 0.9, "coco/bbox_mAP_l": 0.903, "coco/segm_mAP": 0.9, "coco/segm_mAP_50": 0.948, "coco/segm_mAP_75": 0.923, "coco/segm_mAP_s": -1.0, "coco/segm_mAP_m": 0.8, "coco/segm_mAP_l": 0.901, "_wandb": {"runtime": 9567}}