{"lr": 0.000732065398732066, "data_time": 0.032805256843566895, "grad_norm": 1408527291.585625, "loss": 18886917.513911743, "loss_rpn_cls": 126282.10838793755, "loss_rpn_bbox": 202631.09450689316, "s0.loss_cls": 1672.6700931549071, "s0.acc": 81.81818389892578, "s0.loss_bbox": 9487155.504254607, "s0.loss_mask": 441690.78868153214, "s1.loss_cls": 2937825.3287978745, "s1.acc": 100.0, "s1.loss_bbox": 3615314.2412965014, "s1.loss_mask": 753042.0378337955, "s2.loss_cls": 376611.2291637468, "s2.acc": 100.0, "s2.loss_bbox": 774080.7121195459, "s2.loss_mask": 170611.64241648198, "time": 0.6231464672088624, "epoch": 1, "iter": 50, "memory": 8487, "step": 50}
{"lr": 0.0007987987987987995, "data_time": 0.008995852470397948, "grad_norm": 67430.74528076172, "loss": 407.1400904464722, "loss_rpn_cls": 2.9620488234981894, "loss_rpn_bbox": 16.80281611084938, "s0.loss_cls": 90.21642446875572, "s0.acc": 91.0662841796875, "s0.loss_bbox": 183.10687422275544, "s0.loss_mask": 16.87605125427246, "s1.loss_cls": 13.10926673039794, "s1.acc": 98.84725952148438, "s1.loss_bbox": 58.60014073640108, "s1.loss_mask": 0.6042187066748739, "s2.loss_cls": 2.0831096052378415, "s2.acc": 99.13544464111328, "s2.loss_bbox": 22.401633524224163, "s2.loss_mask": 0.37751857232826297, "time": 0.35736588954925536, "epoch": 1, "iter": 100, "memory": 8303, "step": 100}
{"lr": 0.000865532198865533, "data_time": 0.008341112136840821, "grad_norm": 1587.0262156677245, "loss": 10.637040474414825, "loss_rpn_cls": 0.2752035492786672, "loss_rpn_bbox": 1.6798570067062975, "s0.loss_cls": 2.3946942698210476, "s0.acc": 98.046875, "s0.loss_bbox": 1.495099167600274, "s0.loss_mask": 3.1969414418935775, "s1.loss_cls": 0.45748492123027906, "s1.acc": 99.31640625, "s1.loss_bbox": 0.22659307710826396, "s1.loss_mask": 0.4276193717774004, "s2.loss_cls": 0.36874368413351477, "s2.acc": 99.21875, "s2.loss_bbox": 0.07033761718543247, "s2.loss_mask": 0.04446627168330451, "time": 0.3931719398498535, "epoch": 1, "iter": 150, "memory": 8490, "step": 150}
