{"lr": 2.0000000000000066e-05, "data_time": 0.0009769730113954821, "grad_norm": 2.4138481211662293, "loss": 0.11280259288847447, "loss_rpn_cls": 0.0015269752805761527, "loss_rpn_bbox": 0.0021428983804071323, "s0.loss_cls": 0.011670038485899568, "s0.acc": 99.90234375, "s0.loss_bbox": 0.005396658200770617, "s0.loss_mask": 0.04002901710569859, "s1.loss_cls": 0.006653878237120808, "s1.acc": 99.609375, "s1.loss_bbox": 0.0070618336903862655, "s1.loss_mask": 0.02012161197140813, "s2.loss_cls": 0.0027425675769336523, "s2.acc": 99.70703125, "s2.loss_bbox": 0.0057374205812811855, "s2.loss_mask": 0.009719692021608353, "time": 0.07507402119324225, "epoch": 60, "iter": 7829, "memory": 8849, "_timestamp": 1728156628.528732, "_runtime": 4537.939972162247, "_step": 129, "coco/Table_precision": 0.832, "coco/bbox_mAP": 0.832, "coco/bbox_mAP_50": 0.931, "coco/bbox_mAP_75": 0.883, "coco/bbox_mAP_s": -1.0, "coco/bbox_mAP_m": 0.303, "coco/bbox_mAP_l": 0.832, "coco/segm_mAP": 0.832, "coco/segm_mAP_50": 0.93, "coco/segm_mAP_75": 0.882, "coco/segm_mAP_s": -1.0, "coco/segm_mAP_m": 0.303, "coco/segm_mAP_l": 0.833, "_wandb": {"runtime": 4538}}