{"lr": 2.0000000000000066e-05, "data_time": 0.001131237313455465, "grad_norm": 8.413820486068726, "loss": 0.6820364344120026, "loss_rpn_cls": 0.012645097700878977, "loss_rpn_bbox": 0.014540079726139084, "s0.loss_cls": 0.06222588792443275, "s0.acc": 98.4375, "s0.loss_bbox": 0.037126254364848135, "s0.loss_mask": 0.2757113102078438, "s1.loss_cls": 0.031223869770765304, "s1.acc": 98.6328125, "s1.loss_bbox": 0.03456730673089623, "s1.loss_mask": 0.13470634698867798, "s2.loss_cls": 0.013060660557821393, "s2.acc": 99.609375, "s2.loss_bbox": 0.013976673604920506, "s2.loss_mask": 0.05225294470787048, "time": 0.13269949719613913, "epoch": 100, "iter": 8663, "memory": 8837, "_timestamp": 1725370665.6276977, "_runtime": 5699.1391677856445, "_step": 109, "coco/Table_precision": 0.05, "coco/bbox_mAP": 0.05, "coco/bbox_mAP_50": 0.16, "coco/bbox_mAP_75": 0.018, "coco/bbox_mAP_s": -1.0, "coco/bbox_mAP_m": 0.0, "coco/bbox_mAP_l": 0.05, "coco/segm_mAP": 0.05, "coco/segm_mAP_50": 0.165, "coco/segm_mAP_75": 0.018, "coco/segm_mAP_s": -1.0, "coco/segm_mAP_m": 0.0, "coco/segm_mAP_l": 0.051, "_wandb": {"runtime": 5698}}