{"lr": 2.0000000000000066e-05, "data_time": 0.0010704404300021142, "grad_norm": 1.6763726341724396, "loss": 0.08145415529608727, "loss_rpn_cls": 0.0009355514213893912, "loss_rpn_bbox": 0.0018145084381467314, "s0.loss_cls": 0.010276993159204722, "s0.acc": 99.8046875, "s0.loss_bbox": 0.004105622442439199, "s0.loss_mask": 0.028930668625980614, "s1.loss_cls": 0.004742060503922403, "s1.acc": 99.51171875, "s1.loss_bbox": 0.004274802319705486, "s1.loss_mask": 0.014797544032335281, "s2.loss_cls": 0.0017995085613802075, "s2.acc": 99.70703125, "s2.loss_bbox": 0.0034725802671164274, "s2.loss_mask": 0.006304316325113178, "time": 0.0741627081153319, "epoch": 60, "iter": 13711, "memory": 9114, "_timestamp": 1728186036.5333881, "_runtime": 6082.237128019333, "_step": 249, "coco/Table_precision": 0.899, "coco/bbox_mAP": 0.898, "coco/bbox_mAP_50": 0.95, "coco/bbox_mAP_75": 0.94, "coco/bbox_mAP_s": -1.0, "coco/bbox_mAP_m": 0.665, "coco/bbox_mAP_l": 0.902, "coco/segm_mAP": 0.899, "coco/segm_mAP_50": 0.95, "coco/segm_mAP_75": 0.94, "coco/segm_mAP_s": -1.0, "coco/segm_mAP_m": 0.728, "coco/segm_mAP_l": 0.901, "_wandb": {"runtime": 6081}}