{"lr": 2.0000000000000066e-05, "data_time": 0.0011009764425533334, "grad_norm": 2.4659405732154847, "loss": 0.126710467338562, "loss_rpn_cls": 0.0019440200028475374, "loss_rpn_bbox": 0.003521816337160999, "s0.loss_cls": 0.013277546484023333, "s0.acc": 99.8046875, "s0.loss_bbox": 0.005480691180564463, "s0.loss_mask": 0.04458978768438101, "s1.loss_cls": 0.007999398685060442, "s1.acc": 99.609375, "s1.loss_bbox": 0.007255861992016435, "s1.loss_mask": 0.021027637729421258, "s2.loss_cls": 0.004252909270580858, "s2.acc": 98.92578125, "s2.loss_bbox": 0.006497708605602384, "s2.loss_mask": 0.010863089971244334, "time": 0.07674423935487099, "epoch": 60, "iter": 9177, "memory": 9256, "_timestamp": 1728298826.3520832, "_runtime": 4092.7873561382294, "_step": 189, "coco/Table_precision": 0.857, "coco/bbox_mAP": 0.856, "coco/bbox_mAP_50": 0.955, "coco/bbox_mAP_75": 0.905, "coco/bbox_mAP_s": -1.0, "coco/bbox_mAP_m": 0.353, "coco/bbox_mAP_l": 0.86, "coco/segm_mAP": 0.857, "coco/segm_mAP_50": 0.947, "coco/segm_mAP_75": 0.912, "coco/segm_mAP_s": -1.0, "coco/segm_mAP_m": 0.303, "coco/segm_mAP_l": 0.864, "_wandb": {"runtime": 4092}}