{"lr": 2.0000000000000066e-05, "data_time": 0.0010706407648739503, "grad_norm": 7.734623804092407, "loss": 0.4793625020980835, "loss_rpn_cls": 0.009323523599887267, "loss_rpn_bbox": 0.010070415649097412, "s0.loss_cls": 0.05030644617974758, "s0.acc": 96.09375, "s0.loss_bbox": 0.028519567791372536, "s0.loss_mask": 0.16259756922721863, "s1.loss_cls": 0.029138739872723817, "s1.acc": 95.41015625, "s1.loss_bbox": 0.03347026748582721, "s1.loss_mask": 0.08231114882975817, "s2.loss_cls": 0.015090145794674754, "s2.acc": 96.6796875, "s2.loss_bbox": 0.019959474401548504, "s2.loss_mask": 0.03857519928365946, "time": 0.1088837001228719, "epoch": 100, "iter": 13069, "memory": 8480, "_timestamp": 1725415794.7252917, "_runtime": 7290.850787639618, "_step": 209, "coco/Table_precision": 0.303, "coco/bbox_mAP": 0.302, "coco/bbox_mAP_50": 0.515, "coco/bbox_mAP_75": 0.299, "coco/bbox_mAP_s": -1.0, "coco/bbox_mAP_m": 0.003, "coco/bbox_mAP_l": 0.303, "coco/segm_mAP": 0.303, "coco/segm_mAP_50": 0.513, "coco/segm_mAP_75": 0.299, "coco/segm_mAP_s": -1.0, "coco/segm_mAP_m": 0.002, "coco/segm_mAP_l": 0.304, "_wandb": {"runtime": 7290}}