{"lr": 2.0000000000000066e-05, "data_time": 0.0010635398097873963, "grad_norm": 1.5148321413993835, "loss": 0.05964137893170118, "loss_rpn_cls": 0.0006437917165794715, "loss_rpn_bbox": 0.0016482957192056346, "s0.loss_cls": 0.005775808598846197, "s0.acc": 99.609375, "s0.loss_bbox": 0.0022381360980216415, "s0.loss_mask": 0.023486711103469133, "s1.loss_cls": 0.0034923686739057303, "s1.acc": 99.51171875, "s1.loss_bbox": 0.002725177101092413, "s1.loss_mask": 0.01082870801910758, "s2.loss_cls": 0.0016433592425892129, "s2.acc": 99.8046875, "s2.loss_bbox": 0.003015790298813954, "s2.loss_mask": 0.004143231764901429, "time": 0.07650353122003299, "epoch": 60, "iter": 21236, "memory": 9067, "_timestamp": 1728298448.2969487, "_runtime": 9427.753260612488, "_step": 429, "coco/Table_precision": 0.915, "coco/bbox_mAP": 0.914, "coco/bbox_mAP_50": 0.958, "coco/bbox_mAP_75": 0.933, "coco/bbox_mAP_s": -1.0, "coco/bbox_mAP_m": 0.9, "coco/bbox_mAP_l": 0.914, "coco/segm_mAP": 0.915, "coco/segm_mAP_50": 0.958, "coco/segm_mAP_75": 0.942, "coco/segm_mAP_s": -1.0, "coco/segm_mAP_m": 0.9, "coco/segm_mAP_l": 0.916, "_wandb": {"runtime": 9427}}