{"lr": 2.0000000000000066e-05, "data_time": 0.0009685432324643995, "grad_norm": 1.7354617667198182, "loss": 0.08486727282404899, "loss_rpn_cls": 0.00122834632104059, "loss_rpn_bbox": 0.001640362913021818, "s0.loss_cls": 0.00844311686232686, "s0.acc": 99.70703125, "s0.loss_bbox": 0.0035876166354864834, "s0.loss_mask": 0.03349667951464653, "s1.loss_cls": 0.003908580577117391, "s1.acc": 99.8046875, "s1.loss_bbox": 0.003950348731596023, "s1.loss_mask": 0.015624046195298433, "s2.loss_cls": 0.0021100243733963, "s2.acc": 99.90234375, "s2.loss_bbox": 0.003939068561885506, "s2.loss_mask": 0.0069390816194936636, "time": 0.07488167442259241, "epoch": 60, "iter": 15649, "memory": 8504, "_timestamp": 1728176382.2934482, "_runtime": 7647.423214197159, "_step": 309, "coco/Table_precision": 0.909, "coco/bbox_mAP": 0.91, "coco/bbox_mAP_50": 0.971, "coco/bbox_mAP_75": 0.94, "coco/bbox_mAP_s": -1.0, "coco/bbox_mAP_m": 0.582, "coco/bbox_mAP_l": 0.91, "coco/segm_mAP": 0.909, "coco/segm_mAP_50": 0.971, "coco/segm_mAP_75": 0.94, "coco/segm_mAP_s": -1.0, "coco/segm_mAP_m": 0.582, "coco/segm_mAP_l": 0.909, "_wandb": {"runtime": 7647}}