{"lr": 2.0000000000000066e-05, "data_time": 0.001014717906200635, "grad_norm": 1.6984088337421417, "loss": 0.07184505559504033, "loss_rpn_cls": 0.00032925150422670414, "loss_rpn_bbox": 0.001822539647400845, "s0.loss_cls": 0.006455361561384052, "s0.acc": 99.90234375, "s0.loss_bbox": 0.002673381466884166, "s0.loss_mask": 0.030450441930443047, "s1.loss_cls": 0.002618384719826281, "s1.acc": 100.0, "s1.loss_bbox": 0.003091295927297324, "s1.loss_mask": 0.014178243689239025, "s2.loss_cls": 0.001304621715680696, "s2.acc": 99.90234375, "s2.loss_bbox": 0.0030242404900491238, "s2.loss_mask": 0.005897292995359749, "time": 0.07495534328839976, "epoch": 60, "iter": 20832, "memory": 9103, "_timestamp": 1728212019.6166177, "_runtime": 9797.119173765182, "_step": 369, "coco/Table_precision": 0.905, "coco/bbox_mAP": 0.902, "coco/bbox_mAP_50": 0.954, "coco/bbox_mAP_75": 0.931, "coco/bbox_mAP_s": -1.0, "coco/bbox_mAP_m": 0.597, "coco/bbox_mAP_l": 0.902, "coco/segm_mAP": 0.905, "coco/segm_mAP_50": 0.954, "coco/segm_mAP_75": 0.932, "coco/segm_mAP_s": -1.0, "coco/segm_mAP_m": 0.597, "coco/segm_mAP_l": 0.906, "_wandb": {"runtime": 9796}}