{"lr": 2.0000000000000066e-05, "data_time": 0.0010013889413198695, "grad_norm": 1.9643011450767518, "loss": 0.10037457682192326, "loss_rpn_cls": 0.000804523203332792, "loss_rpn_bbox": 0.00293452334968606, "s0.loss_cls": 0.01089719770476222, "s0.acc": 99.8046875, "s0.loss_bbox": 0.0048279703280422834, "s0.loss_mask": 0.036514111924916506, "s1.loss_cls": 0.005942714498378337, "s1.acc": 99.8046875, "s1.loss_bbox": 0.005639900567475706, "s1.loss_mask": 0.017505020592361687, "s2.loss_cls": 0.0028279812273103743, "s2.acc": 99.90234375, "s2.loss_bbox": 0.004487686101347208, "s2.loss_mask": 0.007992947651073336, "time": 0.07662879784794614, "epoch": 60, "iter": 7770, "memory": 8869, "_timestamp": 1728138883.5663352, "_runtime": 4614.781571149826, "_step": 129, "coco/Table_precision": 0.851, "coco/bbox_mAP": 0.851, "coco/bbox_mAP_50": 0.937, "coco/bbox_mAP_75": 0.895, "coco/bbox_mAP_s": -1.0, "coco/bbox_mAP_m": 0.477, "coco/bbox_mAP_l": 0.851, "coco/segm_mAP": 0.851, "coco/segm_mAP_50": 0.937, "coco/segm_mAP_75": 0.902, "coco/segm_mAP_s": -1.0, "coco/segm_mAP_m": 0.477, "coco/segm_mAP_l": 0.851, "_wandb": {"runtime": 4614}}