{"lr": 2.0000000000000066e-05, "data_time": 0.001088590968407363, "grad_norm": 1.5120044136047364, "loss": 0.059947235658764836, "loss_rpn_cls": 0.0006110090262882295, "loss_rpn_bbox": 0.001355837300507119, "s0.loss_cls": 0.00697855569422245, "s0.acc": 99.90234375, "s0.loss_bbox": 0.0020520319801289586, "s0.loss_mask": 0.023288575652986764, "s1.loss_cls": 0.003294748873449862, "s1.acc": 100.0, "s1.loss_bbox": 0.00218936926452443, "s1.loss_mask": 0.011802570400759578, "s2.loss_cls": 0.0016570420830976217, "s2.acc": 100.0, "s2.loss_bbox": 0.002247977578663267, "s2.loss_mask": 0.00446951839607209, "time": 0.07742013074243957, "epoch": 60, "iter": 20832, "memory": 9246, "_timestamp": 1728366236.2311132, "_runtime": 9832.354912281036, "_step": 369, "coco/Table_precision": 0.884, "coco/bbox_mAP": 0.884, "coco/bbox_mAP_50": 0.942, "coco/bbox_mAP_75": 0.92, "coco/bbox_mAP_s": -1.0, "coco/bbox_mAP_m": 0.404, "coco/bbox_mAP_l": 0.884, "coco/segm_mAP": 0.884, "coco/segm_mAP_50": 0.942, "coco/segm_mAP_75": 0.92, "coco/segm_mAP_s": -1.0, "coco/segm_mAP_m": 0.404, "coco/segm_mAP_l": 0.884, "_wandb": {"runtime": 9832}}