{"lr": 2.0000000000000066e-05, "data_time": 0.0010250577625619459, "grad_norm": 1.9093772900104522, "loss": 0.09571858040988446, "loss_rpn_cls": 0.0013524580201010395, "loss_rpn_bbox": 0.001988733335674624, "s0.loss_cls": 0.01178402518387884, "s0.acc": 99.51171875, "s0.loss_bbox": 0.004683634724933654, "s0.loss_mask": 0.033518777880817655, "s1.loss_cls": 0.006105542967561633, "s1.acc": 99.70703125, "s1.loss_bbox": 0.005363323257770389, "s1.loss_mask": 0.016497599678114056, "s2.loss_cls": 0.003138707345351577, "s2.acc": 100.0, "s2.loss_bbox": 0.004296765066683293, "s2.loss_mask": 0.006989012714475393, "time": 0.0772339683694169, "epoch": 60, "iter": 10416, "memory": 9552, "_timestamp": 1728304561.6615014, "_runtime": 5720.118035316467, "_step": 189, "coco/Table_precision": 0.846, "coco/bbox_mAP": 0.844, "coco/bbox_mAP_50": 0.934, "coco/bbox_mAP_75": 0.896, "coco/bbox_mAP_s": -1.0, "coco/bbox_mAP_m": 0.344, "coco/bbox_mAP_l": 0.845, "coco/segm_mAP": 0.846, "coco/segm_mAP_50": 0.934, "coco/segm_mAP_75": 0.897, "coco/segm_mAP_s": -1.0, "coco/segm_mAP_m": 0.327, "coco/segm_mAP_l": 0.847, "_wandb": {"runtime": 5720}}