{"lr": 2.0000000000000066e-05, "data_time": 0.001088626605948222, "grad_norm": 4.279980282783509, "loss": 0.21963091433048249, "loss_rpn_cls": 0.003312734594219364, "loss_rpn_bbox": 0.004798844788456336, "s0.loss_cls": 0.02520846402272582, "s0.acc": 98.73046875, "s0.loss_bbox": 0.014255564562045037, "s0.loss_mask": 0.06767481941729785, "s1.loss_cls": 0.014091978869400919, "s1.acc": 99.51171875, "s1.loss_bbox": 0.018354982677847145, "s1.loss_mask": 0.03534744590520859, "s2.loss_cls": 0.007527882892172783, "s2.acc": 99.12109375, "s2.loss_bbox": 0.013787863042671234, "s2.loss_mask": 0.015270332619547845, "time": 0.07911923742785897, "epoch": 60, "iter": 36177, "memory": 8920, "_timestamp": 1725552002.8802862, "_runtime": 15312.51143527031, "_step": 729, "coco/Table_precision": 0.839, "coco/bbox_mAP": 0.835, "coco/bbox_mAP_50": 0.943, "coco/bbox_mAP_75": 0.898, "coco/bbox_mAP_s": -1.0, "coco/bbox_mAP_m": 0.0, "coco/bbox_mAP_l": 0.84, "coco/segm_mAP": 0.839, "coco/segm_mAP_50": 0.943, "coco/segm_mAP_75": 0.904, "coco/segm_mAP_s": -1.0, "coco/segm_mAP_m": 0.0, "coco/segm_mAP_l": 0.843, "_wandb": {"runtime": 15311}}