{"lr": 0.000732065398732066, "data_time": 0.021582837104797362, "grad_norm": 1347556307.645, "loss": 16919196.442441408, "loss_rpn_cls": 379355.55938793183, "loss_rpn_bbox": 121680.86247962952, "s0.loss_cls": 1816702.315834961, "s0.acc": 100.0, "s0.loss_bbox": 9613670.16746582, "s0.loss_mask": 1056621.6608938575, "s1.loss_cls": 245307.3772515869, "s1.acc": 100.0, "s1.loss_bbox": 2169717.79484375, "s1.loss_mask": 770908.7616358185, "s2.loss_cls": 138.75876083374024, "s2.acc": 100.0, "s2.loss_bbox": 558232.539178772, "s2.loss_mask": 186860.88955051423, "time": 0.41558083057403566, "epoch": 1, "iter": 50, "memory": 8482, "step": 50}
{"lr": 0.0007987987987987995, "data_time": 0.013271470069885254, "grad_norm": 251587.52462890625, "loss": 1322.2563505554199, "loss_rpn_cls": 8.56338971197605, "loss_rpn_bbox": 35.508397946357725, "s0.loss_cls": 189.1196775484085, "s0.acc": 100.0, "s0.loss_bbox": 653.797508277893, "s0.loss_mask": 28.646429717242718, "s1.loss_cls": 46.34937308311462, "s1.acc": 90.47618865966797, "s1.loss_bbox": 243.12486382961274, "s1.loss_mask": 7.080474736902979, "s2.loss_cls": 18.527393419742584, "s2.acc": 100.0, "s2.loss_bbox": 88.56172159194946, "s2.loss_mask": 2.97709994295612, "time": 0.3653755331039429, "epoch": 1, "iter": 100, "memory": 8483, "step": 100}
{"lr": 0.000865532198865533, "data_time": 0.009856696128845216, "grad_norm": 65672.24065979004, "loss": 397.5359871220589, "loss_rpn_cls": 2.414165498027578, "loss_rpn_bbox": 16.563267313092947, "s0.loss_cls": 80.16278160745046, "s0.acc": 97.4609375, "s0.loss_bbox": 183.17208609744907, "s0.loss_mask": 8.313987765610218, "s1.loss_cls": 30.23494500488043, "s1.acc": 99.51171875, "s1.loss_bbox": 55.027916971407834, "s1.loss_mask": 0.88892035510391, "s2.loss_cls": 1.1701468594372273, "s2.acc": 99.70703125, "s2.loss_bbox": 18.860392007157206, "s2.loss_mask": 0.7273722154123372, "time": 0.38082481861114503, "epoch": 1, "iter": 150, "memory": 8482, "step": 150}
{"lr": 0.0009322655989322662, "data_time": 0.009101099967956543, "grad_norm": 399.8396871948242, "loss": 2.674432213306427, "loss_rpn_cls": 0.0569375318854145, "loss_rpn_bbox": 0.5611650948971509, "s0.loss_cls": 0.4665073178708553, "s0.acc": 93.75, "s0.loss_bbox": 0.3464474864676595, "s0.loss_mask": 0.7671149510145188, "s1.loss_cls": 0.14101586485281586, "s1.acc": 97.65625, "s1.loss_bbox": 0.04979760194197297, "s1.loss_mask": 0.1905399376899004, "s2.loss_cls": 0.05011601506732404, "s2.acc": 99.51171875, "s2.loss_bbox": 0.01053121964680031, "s2.loss_mask": 0.034259157958440485, "time": 0.3944647121429443, "epoch": 1, "iter": 200, "memory": 8483, "step": 200}
{"lr": 0.0009989989989990006, "data_time": 0.008446459770202636, "grad_norm": 79.80004795074463, "loss": 1.2588323146104812, "loss_rpn_cls": 0.026418931721709667, "loss_rpn_bbox": 0.07630543910898269, "s0.loss_cls": 0.1972775377333164, "s0.acc": 95.21484375, "s0.loss_bbox": 0.12803794600069524, "s0.loss_mask": 0.4662322971224785, "s1.loss_cls": 0.08274749901145696, "s1.acc": 98.92578125, "s1.loss_bbox": 0.026447595595382154, "s1.loss_mask": 0.18692283660173417, "s2.loss_cls": 0.01610259270295501, "s2.acc": 99.51171875, "s2.loss_bbox": 0.003677383112953976, "s2.loss_mask": 0.04866224952042103, "time": 0.3983537244796753, "epoch": 1, "iter": 250, "memory": 8483, "step": 250}
{"coco/Table_precision": 0.012, "coco/bbox_mAP": 0.012, "coco/bbox_mAP_50": 0.056, "coco/bbox_mAP_75": 0.001, "coco/bbox_mAP_s": -1.0, "coco/bbox_mAP_m": 0.0, "coco/bbox_mAP_l": 0.012, "coco/segm_mAP": 0.012, "coco/segm_mAP_50": 0.058, "coco/segm_mAP_75": 0.001, "coco/segm_mAP_s": -1.0, "coco/segm_mAP_m": 0.0, "coco/segm_mAP_l": 0.012, "data_time": 0.001504871462859318, "time": 0.19878553304510124, "step": 1}
