{"lr": 2.0000000000000066e-05, "data_time": 0.0009774719269908204, "grad_norm": 2.650268669128418, "loss": 0.15922416672110556, "loss_rpn_cls": 0.0021432800962065813, "loss_rpn_bbox": 0.00590548528067302, "s0.loss_cls": 0.017126278197392823, "s0.acc": 99.609375, "s0.loss_bbox": 0.009244094132445752, "s0.loss_mask": 0.051060417219996455, "s1.loss_cls": 0.010202851723879575, "s1.acc": 98.92578125, "s1.loss_bbox": 0.010603522644378244, "s1.loss_mask": 0.026803235970437527, "s2.loss_cls": 0.005020223590545356, "s2.acc": 99.12109375, "s2.loss_bbox": 0.007666723870206624, "s2.loss_mask": 0.013448054036125541, "time": 0.07470345345078683, "epoch": 60, "iter": 5183, "memory": 9615, "_timestamp": 1728147899.1436372, "_runtime": 3543.663364171982, "_step": 69, "coco/Table_precision": 0.831, "coco/bbox_mAP": 0.83, "coco/bbox_mAP_50": 0.934, "coco/bbox_mAP_75": 0.889, "coco/bbox_mAP_s": -1.0, "coco/bbox_mAP_m": 0.269, "coco/bbox_mAP_l": 0.831, "coco/segm_mAP": 0.831, "coco/segm_mAP_50": 0.941, "coco/segm_mAP_75": 0.889, "coco/segm_mAP_s": -1.0, "coco/segm_mAP_m": 0.269, "coco/segm_mAP_l": 0.831, "_wandb": {"runtime": 3543}}