{"lr": 0.000732065398732066, "data_time": 0.022518196105957032, "grad_norm": 4145636620.145, "loss": 60208934.268129885, "loss_rpn_cls": 478526.92685742857, "loss_rpn_bbox": 419034.3420684433, "s0.loss_cls": 637.8928717041016, "s0.acc": 44.44444274902344, "s0.loss_bbox": 37283973.56641113, "s0.loss_mask": 2078364.1728404486, "s1.loss_cls": 6406268.3041442875, "s1.acc": 100.0, "s1.loss_bbox": 8934885.52427002, "s1.loss_mask": 1386166.9098850107, "s2.loss_cls": 284147.10583984375, "s2.acc": 100.0, "s2.loss_bbox": 1807352.0524407958, "s2.loss_mask": 1129579.5783022547, "time": 0.41715494155883787, "epoch": 1, "iter": 50, "memory": 8495, "step": 50}
{"lr": 0.0007987987987987995, "data_time": 0.00743988037109375, "grad_norm": 416397.76967773435, "loss": 2553.2983913230896, "loss_rpn_cls": 14.238741136891768, "loss_rpn_bbox": 45.138366307020185, "s0.loss_cls": 688.6511606049538, "s0.acc": 96.9273681640625, "s0.loss_bbox": 1163.0162954854966, "s0.loss_mask": 40.13567395657301, "s1.loss_cls": 7.919276229143143, "s1.acc": 99.1620101928711, "s1.loss_bbox": 438.7139119172096, "s1.loss_mask": 2.4047569205026593, "s2.loss_cls": 1.8384707096219062, "s2.acc": 99.1620101928711, "s2.loss_bbox": 147.77150089889764, "s2.loss_mask": 3.470166468899697, "time": 0.3466004657745361, "epoch": 1, "iter": 100, "memory": 8495, "step": 100}
{"lr": 0.000865532198865533, "data_time": 0.007454700469970703, "grad_norm": 4985.540510559082, "loss": 26.06332959651947, "loss_rpn_cls": 0.4789492559381051, "loss_rpn_bbox": 4.614889141470194, "s0.loss_cls": 6.228580283150077, "s0.acc": 98.4375, "s0.loss_bbox": 4.900862460881472, "s0.loss_mask": 5.477753156125545, "s1.loss_cls": 0.9294996848795563, "s1.acc": 99.8046875, "s1.loss_bbox": 1.877909497525543, "s1.loss_mask": 0.7364156736806035, "s2.loss_cls": 0.27162760173213885, "s2.acc": 99.8046875, "s2.loss_bbox": 0.5261918329494074, "s2.loss_mask": 0.020651004876708613, "time": 0.3676386499404907, "epoch": 1, "iter": 150, "memory": 8304, "step": 150}
{"lr": 0.0009322655989322662, "data_time": 0.008233089447021485, "grad_norm": 346.3479386901856, "loss": 2.444705684185028, "loss_rpn_cls": 0.06527776895090938, "loss_rpn_bbox": 0.38523125756531956, "s0.loss_cls": 0.41203182756900786, "s0.acc": 93.9453125, "s0.loss_bbox": 0.3686856862902641, "s0.loss_mask": 0.7757677751779556, "s1.loss_cls": 0.10743429725989699, "s1.acc": 99.12109375, "s1.loss_bbox": 0.03693389104213565, "s1.loss_mask": 0.20201516784727575, "s2.loss_cls": 0.039360893592238426, "s2.acc": 99.12109375, "s2.loss_bbox": 0.010496531667886302, "s2.loss_mask": 0.04147056842843313, "time": 0.3851685237884521, "epoch": 1, "iter": 200, "memory": 8496, "step": 200}
{"lr": 0.0009989989989990006, "data_time": 0.007485971450805664, "grad_norm": 71.47529983520508, "loss": 1.2027472531795502, "loss_rpn_cls": 0.029008491304703055, "loss_rpn_bbox": 0.07110985787585378, "s0.loss_cls": 0.19045426934957504, "s0.acc": 98.828125, "s0.loss_bbox": 0.12621386721730232, "s0.loss_mask": 0.4514273905754089, "s1.loss_cls": 0.05761561572551727, "s1.acc": 99.70703125, "s1.loss_bbox": 0.028039549079257996, "s1.loss_mask": 0.17592943854629994, "s2.loss_cls": 0.01756933539174497, "s2.acc": 99.8046875, "s2.loss_bbox": 0.005045568977075163, "s2.loss_mask": 0.050333882942795755, "time": 0.38922131061553955, "epoch": 1, "iter": 250, "memory": 8497, "step": 250}
