{"lr": 2.0000000000000066e-05, "data_time": 0.001144405492802256, "grad_norm": 1.7649005901813508, "loss": 0.0867323885113001, "loss_rpn_cls": 0.0004437096547553665, "loss_rpn_bbox": 0.0014681653492152691, "s0.loss_cls": 0.009775909739546477, "s0.acc": 99.609375, "s0.loss_bbox": 0.003993209195323288, "s0.loss_mask": 0.033049038238823415, "s1.loss_cls": 0.004114669621922076, "s1.acc": 99.4140625, "s1.loss_bbox": 0.003924068826017901, "s1.loss_mask": 0.016793385250493884, "s2.loss_cls": 0.0018451973021728918, "s2.acc": 99.8046875, "s2.loss_bbox": 0.00390260168351233, "s2.loss_mask": 0.007422433705069125, "time": 0.07790932458700593, "epoch": 60, "iter": 16121, "memory": 9192, "_timestamp": 1728338924.8004427, "_runtime": 7123.37948179245, "_step": 309, "coco/Table_precision": 0.894, "coco/bbox_mAP": 0.892, "coco/bbox_mAP_50": 0.965, "coco/bbox_mAP_75": 0.923, "coco/bbox_mAP_s": -1.0, "coco/bbox_mAP_m": 0.454, "coco/bbox_mAP_l": 0.895, "coco/segm_mAP": 0.894, "coco/segm_mAP_50": 0.965, "coco/segm_mAP_75": 0.923, "coco/segm_mAP_s": -1.0, "coco/segm_mAP_m": 0.454, "coco/segm_mAP_l": 0.897, "_wandb": {"runtime": 7123}}