{"lr": 2.0000000000000066e-05, "data_time": 0.0011466815299594525, "grad_norm": 1.8089486944675446, "loss": 0.08126516714692116, "loss_rpn_cls": 0.0005225272928146296, "loss_rpn_bbox": 0.001994495262770215, "s0.loss_cls": 0.008089654934592546, "s0.acc": 100.0, "s0.loss_bbox": 0.004107568853069097, "s0.loss_mask": 0.029994247872382404, "s1.loss_cls": 0.004620997941819951, "s1.acc": 100.0, "s1.loss_bbox": 0.004570134447421878, "s1.loss_mask": 0.014771411726251245, "s2.loss_cls": 0.002048211900400929, "s2.acc": 100.0, "s2.loss_bbox": 0.004017577959457412, "s2.loss_mask": 0.006528337975032628, "time": 0.07437861088624935, "epoch": 60, "iter": 16947, "memory": 9111, "_timestamp": 1728184492.8213284, "_runtime": 7449.479070425034, "_step": 309, "coco/Table_precision": 0.935, "coco/bbox_mAP": 0.935, "coco/bbox_mAP_50": 0.973, "coco/bbox_mAP_75": 0.973, "coco/bbox_mAP_s": -1.0, "coco/bbox_mAP_m": 0.652, "coco/bbox_mAP_l": 0.938, "coco/segm_mAP": 0.935, "coco/segm_mAP_50": 0.973, "coco/segm_mAP_75": 0.973, "coco/segm_mAP_s": -1.0, "coco/segm_mAP_m": 0.677, "coco/segm_mAP_l": 0.938, "_wandb": {"runtime": 7449}}