{"lr": 2.0000000000000066e-05, "data_time": 0.0010254542146898925, "grad_norm": 1.8879041135311128, "loss": 0.08751591041684151, "loss_rpn_cls": 0.0005847217433256446, "loss_rpn_bbox": 0.0019429524985025636, "s0.loss_cls": 0.007736967792734504, "s0.acc": 99.90234375, "s0.loss_bbox": 0.0034050673292949796, "s0.loss_mask": 0.03431200616061687, "s1.loss_cls": 0.005046022299211472, "s1.acc": 99.70703125, "s1.loss_bbox": 0.0038587804848793893, "s1.loss_mask": 0.016989255864173172, "s2.loss_cls": 0.002238156192470342, "s2.acc": 99.31640625, "s2.loss_bbox": 0.003434677344048396, "s2.loss_mask": 0.007967302133329213, "time": 0.07664839044705012, "epoch": 60, "iter": 10416, "memory": 8765, "_timestamp": 1728149369.5172863, "_runtime": 5527.9865782260895, "_step": 189, "coco/Table_precision": 0.855, "coco/bbox_mAP": 0.852, "coco/bbox_mAP_50": 0.934, "coco/bbox_mAP_75": 0.889, "coco/bbox_mAP_s": -1.0, "coco/bbox_mAP_m": 0.454, "coco/bbox_mAP_l": 0.854, "coco/segm_mAP": 0.855, "coco/segm_mAP_50": 0.934, "coco/segm_mAP_75": 0.898, "coco/segm_mAP_s": -1.0, "coco/segm_mAP_m": 0.454, "coco/segm_mAP_l": 0.855, "_wandb": {"runtime": 5527}}