{"lr": 0.000732065398732066, "data_time": 0.019941906929016113, "grad_norm": 1334261030.7675, "loss": 18267276.14347656, "loss_rpn_cls": 1070455.1720917702, "loss_rpn_bbox": 212822.36503896714, "s0.loss_cls": 42181.671007299425, "s0.acc": 100.0, "s0.loss_bbox": 10127553.941264648, "s0.loss_mask": 434163.50283637835, "s1.loss_cls": 1988469.323745861, "s1.acc": 100.0, "s1.loss_bbox": 3002717.4919482423, "s1.loss_mask": 430645.7691992652, "s2.loss_cls": 181669.84191711425, "s2.acc": 100.0, "s2.loss_bbox": 756886.5086068725, "s2.loss_mask": 19710.792846306562, "time": 0.392799334526062, "epoch": 1, "iter": 50, "memory": 8490, "step": 50}
{"lr": 0.0007987987987987995, "data_time": 0.009225811958312988, "grad_norm": 377967.2901220703, "loss": 3018.5016969537737, "loss_rpn_cls": 4.133517358237878, "loss_rpn_bbox": 25.956011638641357, "s0.loss_cls": 349.510653193295, "s0.acc": 98.6328125, "s0.loss_bbox": 1903.55048610121, "s0.loss_mask": 23.598155866339802, "s1.loss_cls": 5.915330998785794, "s1.acc": 99.70703125, "s1.loss_bbox": 566.6292663531005, "s1.loss_mask": 1.528117496043269, "s2.loss_cls": 3.4743259972240774, "s2.acc": 99.70703125, "s2.loss_bbox": 133.2008075618744, "s2.loss_mask": 1.005128605836071, "time": 0.3638578319549561, "epoch": 1, "iter": 100, "memory": 8168, "step": 100}
{"lr": 0.000865532198865533, "data_time": 0.00911248207092285, "grad_norm": 1921.987487182617, "loss": 12.756356863975524, "loss_rpn_cls": 0.2470769525691867, "loss_rpn_bbox": 3.024326929152012, "s0.loss_cls": 2.422831604629755, "s0.acc": 94.140625, "s0.loss_bbox": 2.1605994994938373, "s0.loss_mask": 3.3322999823093413, "s1.loss_cls": 0.5297320802509785, "s1.acc": 99.8046875, "s1.loss_bbox": 0.24219689060002567, "s1.loss_mask": 0.44423331137746574, "s2.loss_cls": 0.2014291818253696, "s2.acc": 99.609375, "s2.loss_bbox": 0.0673917372059077, "s2.loss_mask": 0.08423833876924164, "time": 0.3870781707763672, "epoch": 1, "iter": 150, "memory": 8490, "step": 150}
{"lr": 0.0009322655989322662, "data_time": 0.009037728309631348, "grad_norm": 158.4788034057617, "loss": 1.6831802785396577, "loss_rpn_cls": 0.032129927992355076, "loss_rpn_bbox": 0.1686541953496635, "s0.loss_cls": 0.3067702713608742, "s0.acc": 97.8515625, "s0.loss_bbox": 0.19926518075168131, "s0.loss_mask": 0.5223589932918549, "s1.loss_cls": 0.11586709383875132, "s1.acc": 99.12109375, "s1.loss_bbox": 0.034745873608626424, "s1.loss_mask": 0.22163171991705893, "s2.loss_cls": 0.02675330888479948, "s2.acc": 98.92578125, "s2.loss_bbox": 0.006109604345983826, "s2.loss_mask": 0.0488941100705415, "time": 0.3955717611312866, "epoch": 1, "iter": 200, "memory": 8490, "step": 200}
{"lr": 0.0009989989989990006, "data_time": 0.009899868965148925, "grad_norm": 55.56349956512451, "loss": 1.1281496095657348, "loss_rpn_cls": 0.03232955699320882, "loss_rpn_bbox": 0.04649730727775023, "s0.loss_cls": 0.15952808804810048, "s0.acc": 96.38671875, "s0.loss_bbox": 0.1050705936551094, "s0.loss_mask": 0.44420881986618044, "s1.loss_cls": 0.06209471080452204, "s1.acc": 97.94921875, "s1.loss_bbox": 0.033790527889505026, "s1.loss_mask": 0.17269196100533007, "s2.loss_cls": 0.015965350354090333, "s2.acc": 99.12109375, "s2.loss_bbox": 0.004040879694221075, "s2.loss_mask": 0.05193182185292244, "time": 0.3990972709655762, "epoch": 1, "iter": 250, "memory": 8491, "step": 250}
{"coco/Table_precision": 0.007, "coco/bbox_mAP": 0.007, "coco/bbox_mAP_50": 0.031, "coco/bbox_mAP_75": 0.001, "coco/bbox_mAP_s": -1.0, "coco/bbox_mAP_m": 0.0, "coco/bbox_mAP_l": 0.007, "coco/segm_mAP": 0.007, "coco/segm_mAP_50": 0.032, "coco/segm_mAP_75": 0.001, "coco/segm_mAP_s": -1.0, "coco/segm_mAP_m": 0.0, "coco/segm_mAP_l": 0.007, "data_time": 0.001425979407029247, "time": 0.1289588164507858, "step": 1}
