{"lr": 2.0000000000000066e-05, "data_time": 0.0010269585343980299, "grad_norm": 1.6101263320446015, "loss": 0.06949946574866772, "loss_rpn_cls": 0.0008640374704555143, "loss_rpn_bbox": 0.0015141864490578881, "s0.loss_cls": 0.007051754950080067, "s0.acc": 100.0, "s0.loss_bbox": 0.003198937005363405, "s0.loss_mask": 0.027356769144535064, "s1.loss_cls": 0.0038493805041071028, "s1.acc": 99.8046875, "s1.loss_bbox": 0.003060156930005178, "s1.loss_mask": 0.012425948465242982, "s2.loss_cls": 0.001602270487928763, "s2.acc": 99.51171875, "s2.loss_bbox": 0.0030472637480124833, "s2.loss_mask": 0.005528759644366801, "time": 0.07302263102580592, "epoch": 60, "iter": 16652, "memory": 9039, "_timestamp": 1728201673.2320647, "_runtime": 7353.706773757935, "_step": 309, "coco/Table_precision": 0.898, "coco/bbox_mAP": 0.896, "coco/bbox_mAP_50": 0.953, "coco/bbox_mAP_75": 0.943, "coco/bbox_mAP_s": -1.0, "coco/bbox_mAP_m": 0.43, "coco/bbox_mAP_l": 0.902, "coco/segm_mAP": 0.898, "coco/segm_mAP_50": 0.953, "coco/segm_mAP_75": 0.943, "coco/segm_mAP_s": -1.0, "coco/segm_mAP_m": 0.43, "coco/segm_mAP_l": 0.905, "_wandb": {"runtime": 7353}}