{"lr": 2.0000000000000066e-05, "data_time": 0.001047152917361954, "grad_norm": 1.5504515540599824, "loss": 0.06175433587282896, "loss_rpn_cls": 0.0006868737468539621, "loss_rpn_bbox": 0.00110888545634225, "s0.loss_cls": 0.006576029658317566, "s0.acc": 99.70703125, "s0.loss_bbox": 0.0026118503243196755, "s0.loss_mask": 0.024468781473115087, "s1.loss_cls": 0.0029936573503073303, "s1.acc": 99.70703125, "s1.loss_bbox": 0.0025016584491822868, "s1.loss_mask": 0.01206930747255683, "s2.loss_cls": 0.001287934289430268, "s2.acc": 99.79939270019531, "s2.loss_bbox": 0.002226301889750175, "s2.loss_mask": 0.005223056396935135, "time": 0.07796901974758004, "epoch": 60, "iter": 18236, "memory": 9048, "_timestamp": 1728727789.1261315, "_runtime": 8906.676755428314, "_step": 369, "coco/Table_precision": 0.881, "coco/bbox_mAP": 0.879, "coco/bbox_mAP_50": 0.947, "coco/bbox_mAP_75": 0.916, "coco/bbox_mAP_s": -1.0, "coco/bbox_mAP_m": 0.493, "coco/bbox_mAP_l": 0.881, "coco/segm_mAP": 0.881, "coco/segm_mAP_50": 0.947, "coco/segm_mAP_75": 0.916, "coco/segm_mAP_s": -1.0, "coco/segm_mAP_m": 0.518, "coco/segm_mAP_l": 0.881, "_wandb": {"runtime": 8906}}