{"lr": 2.0000000000000066e-05, "data_time": 0.001111079737083199, "grad_norm": 1.6815063762664795, "loss": 0.0788495160639286, "loss_rpn_cls": 0.0008111951376486104, "loss_rpn_bbox": 0.0023602223888156003, "s0.loss_cls": 0.009112196774221957, "s0.acc": 99.4140625, "s0.loss_bbox": 0.0035567283281125127, "s0.loss_mask": 0.028308408800512552, "s1.loss_cls": 0.004647056325338781, "s1.acc": 99.609375, "s1.loss_bbox": 0.004263331275433302, "s1.loss_mask": 0.013578202724456787, "s2.loss_cls": 0.002130445125512779, "s2.acc": 99.609375, "s2.loss_bbox": 0.0038007575180381537, "s2.loss_mask": 0.006280971155501902, "time": 0.08005611183717079, "epoch": 60, "iter": 13475, "memory": 9589, "_timestamp": 1728323480.061491, "_runtime": 5968.746104955673, "_step": 249, "coco/Table_precision": 0.87, "coco/bbox_mAP": 0.87, "coco/bbox_mAP_50": 0.936, "coco/bbox_mAP_75": 0.903, "coco/bbox_mAP_s": -1.0, "coco/bbox_mAP_m": 0.0, "coco/bbox_mAP_l": 0.875, "coco/segm_mAP": 0.87, "coco/segm_mAP_50": 0.935, "coco/segm_mAP_75": 0.912, "coco/segm_mAP_s": -1.0, "coco/segm_mAP_m": 0.0, "coco/segm_mAP_l": 0.877, "_wandb": {"runtime": 5968}}