{"lr": 2.0000000000000066e-05, "data_time": 0.0010688182004948252, "grad_norm": 2.2140591096878053, "loss": 0.10027967996895314, "loss_rpn_cls": 0.001157678779854905, "loss_rpn_bbox": 0.002755959203641396, "s0.loss_cls": 0.010681498837657273, "s0.acc": 99.70703125, "s0.loss_bbox": 0.005354280094616115, "s0.loss_mask": 0.037304144073277715, "s1.loss_cls": 0.005985495522618294, "s1.acc": 99.609375, "s1.loss_bbox": 0.005791683453135192, "s1.loss_mask": 0.01529716487042606, "s2.loss_cls": 0.0028660298162139952, "s2.acc": 99.609375, "s2.loss_bbox": 0.005476775978459045, "s2.loss_mask": 0.007608968284912408, "time": 0.07259226214025438, "epoch": 60, "iter": 11419, "memory": 8591, "_timestamp": 1728172569.3203871, "_runtime": 5074.351232051849, "_step": 189, "coco/Table_precision": 0.898, "coco/bbox_mAP": 0.889, "coco/bbox_mAP_50": 0.959, "coco/bbox_mAP_75": 0.948, "coco/bbox_mAP_s": -1.0, "coco/bbox_mAP_m": 0.731, "coco/bbox_mAP_l": 0.892, "coco/segm_mAP": 0.898, "coco/segm_mAP_50": 0.959, "coco/segm_mAP_75": 0.948, "coco/segm_mAP_s": -1.0, "coco/segm_mAP_m": 0.796, "coco/segm_mAP_l": 0.9, "_wandb": {"runtime": 5073}}