{"lr": 2.0000000000000066e-05, "data_time": 0.0010634243602278583, "grad_norm": 4.976197152137757, "loss": 0.3830048769712448, "loss_rpn_cls": 0.006203340570500586, "loss_rpn_bbox": 0.009250235256040469, "s0.loss_cls": 0.044253201764076947, "s0.acc": 97.4609375, "s0.loss_bbox": 0.027438881769776345, "s0.loss_mask": 0.1208917086571455, "s1.loss_cls": 0.029294381104409694, "s1.acc": 95.80078125, "s1.loss_bbox": 0.03267052469775081, "s1.loss_mask": 0.054230977166444067, "s2.loss_cls": 0.017113247802481055, "s2.acc": 96.09375, "s2.loss_bbox": 0.02068349632434547, "s2.loss_mask": 0.020974877467378975, "time": 0.08812492025969818, "epoch": 60, "iter": 20832, "memory": 9118, "_timestamp": 1725536011.837548, "_runtime": 9508.87241601944, "_step": 369, "coco/Table_precision": 0.573, "coco/bbox_mAP": 0.567, "coco/bbox_mAP_50": 0.739, "coco/bbox_mAP_75": 0.609, "coco/bbox_mAP_s": -1.0, "coco/bbox_mAP_m": 0.0, "coco/bbox_mAP_l": 0.569, "coco/segm_mAP": 0.573, "coco/segm_mAP_50": 0.741, "coco/segm_mAP_75": 0.609, "coco/segm_mAP_s": -1.0, "coco/segm_mAP_m": 0.0, "coco/segm_mAP_l": 0.574, "_wandb": {"runtime": 9508}}