{"lr": 2.0000000000000066e-05, "data_time": 0.0009621975525883015, "grad_norm": 1.7553720247745515, "loss": 0.07677363142371178, "loss_rpn_cls": 0.0005933893697874737, "loss_rpn_bbox": 0.0014310947220656089, "s0.loss_cls": 0.008674409822560847, "s0.acc": 99.51171875, "s0.loss_bbox": 0.0032657818077132107, "s0.loss_mask": 0.028610013369470836, "s1.loss_cls": 0.005103741826023907, "s1.acc": 99.31640625, "s1.loss_bbox": 0.003549975991481915, "s1.loss_mask": 0.013771852245554328, "s2.loss_cls": 0.00249603642267175, "s2.acc": 99.4140625, "s2.loss_bbox": 0.0032501564035192134, "s2.loss_mask": 0.006027178924996406, "time": 0.07759137069713823, "epoch": 60, "iter": 13003, "memory": 8965, "_timestamp": 1728316860.4199927, "_runtime": 6672.71374464035, "_step": 249, "coco/Table_precision": 0.86, "coco/bbox_mAP": 0.858, "coco/bbox_mAP_50": 0.929, "coco/bbox_mAP_75": 0.904, "coco/bbox_mAP_s": -1.0, "coco/bbox_mAP_m": 0.236, "coco/bbox_mAP_l": 0.859, "coco/segm_mAP": 0.86, "coco/segm_mAP_50": 0.937, "coco/segm_mAP_75": 0.904, "coco/segm_mAP_s": -1.0, "coco/segm_mAP_m": 0.236, "coco/segm_mAP_l": 0.86, "_wandb": {"runtime": 6672}}