{"lr": 2.0000000000000066e-05, "data_time": 0.001070973799400723, "grad_norm": 1.3855488288402558, "loss": 0.06509276326745748, "loss_rpn_cls": 0.0005250154314762767, "loss_rpn_bbox": 0.0010858831529913003, "s0.loss_cls": 0.00819390352582559, "s0.acc": 99.51171875, "s0.loss_bbox": 0.0026293787802569566, "s0.loss_mask": 0.02485876441001892, "s1.loss_cls": 0.0035579588206019253, "s1.acc": 99.609375, "s1.loss_bbox": 0.0029811924428213388, "s1.loss_mask": 0.012168509056791663, "s2.loss_cls": 0.0015153126284712926, "s2.acc": 99.90234375, "s2.loss_bbox": 0.002486057752976194, "s2.loss_mask": 0.005090787329245359, "time": 0.07365416005714652, "epoch": 60, "iter": 18885, "memory": 9189, "_timestamp": 1728219130.9190648, "_runtime": 8211.053970813751, "_step": 369, "coco/Table_precision": 0.904, "coco/bbox_mAP": 0.906, "coco/bbox_mAP_50": 0.959, "coco/bbox_mAP_75": 0.949, "coco/bbox_mAP_s": -1.0, "coco/bbox_mAP_m": 0.552, "coco/bbox_mAP_l": 0.911, "coco/segm_mAP": 0.904, "coco/segm_mAP_50": 0.959, "coco/segm_mAP_75": 0.949, "coco/segm_mAP_s": -1.0, "coco/segm_mAP_m": 0.602, "coco/segm_mAP_l": 0.911, "_wandb": {"runtime": 8210}}