{"lr": 2.0000000000000066e-05, "data_time": 0.0010787819858260955, "grad_norm": 10.771780967712402, "loss": 0.45426283329725264, "loss_rpn_cls": 0.014049417211208493, "loss_rpn_bbox": 0.013457299964502454, "s0.loss_cls": 0.046564063802361486, "s0.acc": 97.8515625, "s0.loss_bbox": 0.027478492204099893, "s0.loss_mask": 0.1532737635821104, "s1.loss_cls": 0.026919119115918873, "s1.acc": 97.65625, "s1.loss_bbox": 0.02953350529074669, "s1.loss_mask": 0.07572190843522549, "s2.loss_cls": 0.01413178757764399, "s2.acc": 97.36328125, "s2.loss_bbox": 0.018936604717746375, "s2.loss_mask": 0.03419686509296298, "time": 0.0993007358211698, "epoch": 100, "iter": 17277, "memory": 8491, "_timestamp": 1725460861.5342014, "_runtime": 8608.047044277191, "_step": 309, "coco/Table_precision": 0.245, "coco/bbox_mAP": 0.246, "coco/bbox_mAP_50": 0.453, "coco/bbox_mAP_75": 0.241, "coco/bbox_mAP_s": -1.0, "coco/bbox_mAP_m": 0.011, "coco/bbox_mAP_l": 0.246, "coco/segm_mAP": 0.245, "coco/segm_mAP_50": 0.452, "coco/segm_mAP_75": 0.242, "coco/segm_mAP_s": -1.0, "coco/segm_mAP_m": 0.011, "coco/segm_mAP_l": 0.246, "_wandb": {"runtime": 8607}}