{"lr": 0.000732065398732066, "data_time": 0.025331244468688965, "grad_norm": 3254880966.8875, "loss": 36561365.27615234, "loss_rpn_cls": 865219.9060193253, "loss_rpn_bbox": 261188.5358496475, "s0.loss_cls": 1925931.0666809082, "s0.acc": 100.0, "s0.loss_bbox": 19563284.499960937, "s0.loss_mask": 181813.02287150026, "s1.loss_cls": 1169767.7598754882, "s1.acc": 100.0, "s1.loss_bbox": 7728112.980998535, "s1.loss_mask": 1921282.192089619, "s2.loss_cls": 91005.25743724823, "s2.acc": 100.0, "s2.loss_bbox": 1765227.634550476, "s2.loss_mask": 1088532.8764849664, "time": 0.41193045616149904, "epoch": 1, "iter": 50, "memory": 8150, "step": 50}
{"lr": 0.0007987987987987995, "data_time": 0.010716094970703124, "grad_norm": 492049.87470703124, "loss": 4016.5748224449158, "loss_rpn_cls": 12.409060821533203, "loss_rpn_bbox": 46.53074490785599, "s0.loss_cls": 824.7208455574513, "s0.acc": 99.61685943603516, "s0.loss_bbox": 1682.4460823392867, "s0.loss_mask": 23.17382086366415, "s1.loss_cls": 313.11417923212053, "s1.acc": 99.61685943603516, "s1.loss_bbox": 882.4647081518174, "s1.loss_mask": 2.4546096135675906, "s2.loss_cls": 20.211264214515687, "s2.acc": 98.4674301147461, "s2.loss_bbox": 207.58447321236133, "s2.loss_mask": 1.464964160360396, "time": 0.3721585559844971, "epoch": 1, "iter": 100, "memory": 8497, "step": 100}
{"lr": 0.000865532198865533, "data_time": 0.010719709396362305, "grad_norm": 2833.359247436523, "loss": 17.89285327911377, "loss_rpn_cls": 0.43532796764746307, "loss_rpn_bbox": 4.2598852427303795, "s0.loss_cls": 3.219913026136346, "s0.acc": 95.80078125, "s0.loss_bbox": 3.580693169385195, "s0.loss_mask": 3.558871258161962, "s1.loss_cls": 0.8231165778783907, "s1.acc": 98.92578125, "s1.loss_bbox": 0.9898724406771362, "s1.loss_mask": 0.4962461156895415, "s2.loss_cls": 0.22177594810724258, "s2.acc": 99.70703125, "s2.loss_bbox": 0.2778293515183032, "s2.loss_mask": 0.02932205189606659, "time": 0.39754701614379884, "epoch": 1, "iter": 150, "memory": 8498, "step": 150}
{"lr": 0.0009322655989322662, "data_time": 0.012385210990905761, "grad_norm": 235.21605201721192, "loss": 1.953728691339493, "loss_rpn_cls": 0.04667431612033397, "loss_rpn_bbox": 0.34854451403021813, "s0.loss_cls": 0.3491764637827873, "s0.acc": 97.4609375, "s0.loss_bbox": 0.22970855329185724, "s0.loss_mask": 0.6083372461795807, "s1.loss_cls": 0.10103823576122523, "s1.acc": 99.31640625, "s1.loss_bbox": 0.03339938536286354, "s1.loss_mask": 0.1664920563530177, "s2.loss_cls": 0.035373984165489675, "s2.acc": 99.609375, "s2.loss_bbox": 0.006179413617355749, "s2.loss_mask": 0.02880447670817375, "time": 0.4331188726425171, "epoch": 1, "iter": 200, "memory": 8495, "step": 200}
{"lr": 0.0009989989989990006, "data_time": 0.010439109802246094, "grad_norm": 64.74675123214722, "loss": 1.1950613725185395, "loss_rpn_cls": 0.02838641037233174, "loss_rpn_bbox": 0.06722661313600838, "s0.loss_cls": 0.181714893206954, "s0.acc": 95.99609375, "s0.loss_bbox": 0.11140614584088325, "s0.loss_mask": 0.4563262665271759, "s1.loss_cls": 0.0592397828400135, "s1.acc": 99.12109375, "s1.loss_bbox": 0.028335553507786243, "s1.loss_mask": 0.18300581527873874, "s2.loss_cls": 0.01821982885710895, "s2.acc": 99.51171875, "s2.loss_bbox": 0.004788497639237903, "s2.loss_mask": 0.056411555064842106, "time": 0.42748652458190917, "epoch": 1, "iter": 250, "memory": 8496, "step": 250}
