{"lr": 2.0000000000000066e-05, "data_time": 0.0010831773895578285, "grad_norm": 2.6537317967414857, "loss": 0.13722946628928184, "loss_rpn_cls": 0.0010394854276091791, "loss_rpn_bbox": 0.0027081590321904516, "s0.loss_cls": 0.014918976379558444, "s0.acc": 99.12109375, "s0.loss_bbox": 0.007033862536773085, "s0.loss_mask": 0.04739289067685604, "s1.loss_cls": 0.010110809346660971, "s1.acc": 99.609375, "s1.loss_bbox": 0.007818719679489732, "s1.loss_mask": 0.022088433615863323, "s2.loss_cls": 0.005680826427415013, "s2.acc": 99.4140625, "s2.loss_bbox": 0.0067298632638994604, "s2.loss_mask": 0.011707439916208387, "time": 0.07717556437266242, "epoch": 60, "iter": 8065, "memory": 9374, "_timestamp": 1728134256.875801, "_runtime": 3676.7246639728546, "_step": 129, "coco/Table_precision": 0.823, "coco/bbox_mAP": 0.822, "coco/bbox_mAP_50": 0.931, "coco/bbox_mAP_75": 0.873, "coco/bbox_mAP_s": -1.0, "coco/bbox_mAP_m": 0.394, "coco/bbox_mAP_l": 0.827, "coco/segm_mAP": 0.823, "coco/segm_mAP_50": 0.927, "coco/segm_mAP_75": 0.88, "coco/segm_mAP_s": -1.0, "coco/segm_mAP_m": 0.408, "coco/segm_mAP_l": 0.826, "_wandb": {"runtime": 3674}}