{"lr": 2.0000000000000066e-05, "data_time": 0.0010287800324599056, "grad_norm": 2.162855098247528, "loss": 0.11397813774645328, "loss_rpn_cls": 0.0014228351954079699, "loss_rpn_bbox": 0.004274942753254436, "s0.loss_cls": 0.011898303097113967, "s0.acc": 99.70703125, "s0.loss_bbox": 0.00494765633251518, "s0.loss_mask": 0.04031699627637863, "s1.loss_cls": 0.006393110626377165, "s1.acc": 99.609375, "s1.loss_bbox": 0.006095513361506164, "s1.loss_mask": 0.020379122998565435, "s2.loss_cls": 0.0031448272825218737, "s2.acc": 99.90234375, "s2.loss_bbox": 0.00538110273424536, "s2.loss_mask": 0.009723725924268366, "time": 0.07913423647033774, "epoch": 60, "iter": 7829, "memory": 8828, "_timestamp": 1728293879.6776462, "_runtime": 4611.544588088989, "_step": 129, "coco/Table_precision": 0.823, "coco/bbox_mAP": 0.818, "coco/bbox_mAP_50": 0.909, "coco/bbox_mAP_75": 0.876, "coco/bbox_mAP_s": -1.0, "coco/bbox_mAP_m": 0.23, "coco/bbox_mAP_l": 0.82, "coco/segm_mAP": 0.823, "coco/segm_mAP_50": 0.909, "coco/segm_mAP_75": 0.885, "coco/segm_mAP_s": -1.0, "coco/segm_mAP_m": 0.224, "coco/segm_mAP_l": 0.825, "_wandb": {"runtime": 4611}}