{"lr": 2.0000000000000066e-05, "data_time": 0.0012218546621578256, "grad_norm": 1.4883987927436828, "loss": 0.06656273577362298, "loss_rpn_cls": 0.0008220819437883619, "loss_rpn_bbox": 0.0012815047509866417, "s0.loss_cls": 0.0061018929095007475, "s0.acc": 99.8046875, "s0.loss_bbox": 0.002607524819904938, "s0.loss_mask": 0.026677144207060337, "s1.loss_cls": 0.0033492992166429757, "s1.acc": 99.609375, "s1.loss_bbox": 0.0029884141869843004, "s1.loss_mask": 0.012852062983438373, "s2.loss_cls": 0.001532961910997983, "s2.acc": 99.90234375, "s2.loss_bbox": 0.0026590552821289747, "s2.loss_mask": 0.005690793774556368, "time": 0.07738166371571649, "epoch": 60, "iter": 21177, "memory": 9239, "_timestamp": 1728376286.7677264, "_runtime": 9267.801126480103, "_step": 429, "coco/Table_precision": 0.884, "coco/bbox_mAP": 0.884, "coco/bbox_mAP_50": 0.947, "coco/bbox_mAP_75": 0.913, "coco/bbox_mAP_s": -1.0, "coco/bbox_mAP_m": 0.404, "coco/bbox_mAP_l": 0.889, "coco/segm_mAP": 0.884, "coco/segm_mAP_50": 0.947, "coco/segm_mAP_75": 0.923, "coco/segm_mAP_s": -1.0, "coco/segm_mAP_m": 0.404, "coco/segm_mAP_l": 0.888, "_wandb": {"runtime": 9267}}