{"lr": 0.000732065398732066, "data_time": 0.019109692573547363, "grad_norm": 4019920404.358125, "loss": 55697421.571153566, "loss_rpn_cls": 461545.31557675364, "loss_rpn_bbox": 123928.12204938888, "s0.loss_cls": 14794853.933466492, "s0.acc": 82.35293579101562, "s0.loss_bbox": 16470945.67518982, "s0.loss_mask": 2603398.7002707063, "s1.loss_cls": 9116273.699781189, "s1.acc": 100.0, "s1.loss_bbox": 4014409.7189164734, "s1.loss_mask": 802910.8136756945, "s2.loss_cls": 4708477.633976288, "s2.acc": 100.0, "s2.loss_bbox": 1869029.8443227387, "s2.loss_mask": 731648.6380248737, "time": 0.3810813570022583, "epoch": 1, "iter": 50, "memory": 8494, "step": 50}
{"lr": 0.0007987987987987995, "data_time": 0.007596535682678223, "grad_norm": 82362.95106079102, "loss": 460.563368332386, "loss_rpn_cls": 2.7553583946824074, "loss_rpn_bbox": 15.63257801413536, "s0.loss_cls": 156.5377448021993, "s0.acc": 95.20000457763672, "s0.loss_bbox": 192.1733358258009, "s0.loss_mask": 33.664611043334006, "s1.loss_cls": 1.9223288305103778, "s1.acc": 99.4666748046875, "s1.loss_bbox": 37.70002363562584, "s1.loss_mask": 1.4844535924866795, "s2.loss_cls": 2.7224607026576995, "s2.acc": 99.4666748046875, "s2.loss_bbox": 14.952605086192488, "s2.loss_mask": 1.0178705576539506, "time": 0.3586396074295044, "epoch": 1, "iter": 100, "memory": 8494, "step": 100}
{"lr": 0.000865532198865533, "data_time": 0.0072627878189086914, "grad_norm": 1424.7787377929687, "loss": 10.095185198783874, "loss_rpn_cls": 0.1426049032062292, "loss_rpn_bbox": 2.0707995182275774, "s0.loss_cls": 1.8585347777605057, "s0.acc": 98.73046875, "s0.loss_bbox": 1.8069517493247986, "s0.loss_mask": 2.329664087444544, "s1.loss_cls": 0.7197046806663274, "s1.acc": 99.8046875, "s1.loss_bbox": 0.2643412071280181, "s1.loss_mask": 0.2737878263504899, "s2.loss_cls": 0.38441199650987984, "s2.acc": 99.8046875, "s2.loss_bbox": 0.09279591282829643, "s2.loss_mask": 0.15158849387138618, "time": 0.3757183074951172, "epoch": 1, "iter": 150, "memory": 8190, "step": 150}
{"lr": 0.0009322655989322662, "data_time": 0.0075115013122558595, "grad_norm": 415.13947288513185, "loss": 3.120667235851288, "loss_rpn_cls": 0.07863735216669739, "loss_rpn_bbox": 0.6576862439326941, "s0.loss_cls": 0.6190264498442412, "s0.acc": 98.73046875, "s0.loss_bbox": 0.3828135944902897, "s0.loss_mask": 0.704871322363615, "s1.loss_cls": 0.1735969791188836, "s1.acc": 99.4140625, "s1.loss_bbox": 0.054397282870486376, "s1.loss_mask": 0.2814524277579039, "s2.loss_cls": 0.07076940919272602, "s2.acc": 99.609375, "s2.loss_bbox": 0.010267266144219321, "s2.loss_mask": 0.08714893732612836, "time": 0.38807045459747314, "epoch": 1, "iter": 200, "memory": 8494, "step": 200}
{"lr": 0.0009989989989990006, "data_time": 0.008725595474243165, "grad_norm": 68.2022395515442, "loss": 1.1725914335250855, "loss_rpn_cls": 0.027255419697612523, "loss_rpn_bbox": 0.06661382183432579, "s0.loss_cls": 0.23666649676859378, "s0.acc": 91.9921875, "s0.loss_bbox": 0.11080233221873641, "s0.loss_mask": 0.4450991016626358, "s1.loss_cls": 0.05497679593041539, "s1.acc": 97.94921875, "s1.loss_bbox": 0.01765627292159479, "s1.loss_mask": 0.15518774684518577, "s2.loss_cls": 0.013552349107339979, "s2.acc": 99.4140625, "s2.loss_bbox": 0.0029019521130248904, "s2.loss_mask": 0.0418791262828745, "time": 0.3921919775009155, "epoch": 1, "iter": 250, "memory": 8494, "step": 250}
{"lr": 0.0010657323990657345, "data_time": 0.006808485984802246, "grad_norm": 24.60479070663452, "loss": 0.9246913087368012, "loss_rpn_cls": 0.02121325220912695, "loss_rpn_bbox": 0.028086054013110696, "s0.loss_cls": 0.10901266694068909, "s0.acc": 97.8515625, "s0.loss_bbox": 0.06121235635131597, "s0.loss_mask": 0.41722858309745786, "s1.loss_cls": 0.03652001587674022, "s1.acc": 99.4140625, "s1.loss_bbox": 0.01972966124303639, "s1.loss_mask": 0.16809235543012618, "s2.loss_cls": 0.010955367335118354, "s2.acc": 99.70703125, "s2.loss_bbox": 0.0032226935811922887, "s2.loss_mask": 0.049418311775662006, "time": 0.3825561475753784, "epoch": 1, "iter": 300, "memory": 8496, "step": 300}
{"lr": 0.0011324657991324683, "data_time": 0.008261256217956543, "grad_norm": 16.406612939834595, "loss": 0.8878326439857482, "loss_rpn_cls": 0.028111121440306305, "loss_rpn_bbox": 0.027253383358474822, "s0.loss_cls": 0.09217002138495445, "s0.acc": 97.8515625, "s0.loss_bbox": 0.053099309764802455, "s0.loss_mask": 0.42146117508411407, "s1.loss_cls": 0.028796787057071924, "s1.acc": 98.828125, "s1.loss_bbox": 0.01827832906972617, "s1.loss_mask": 0.1625998006016016, "s2.loss_cls": 0.008441040823236108, "s2.acc": 99.4140625, "s2.loss_bbox": 0.002700830049579963, "s2.loss_mask": 0.04492083764635026, "time": 0.38656088829040525, "epoch": 1, "iter": 350, "memory": 8494, "step": 350}
{"lr": 0.0011991991991992014, "data_time": 0.009005722999572753, "grad_norm": 19.975423316955567, "loss": 0.8724146151542663, "loss_rpn_cls": 0.03551449962425977, "loss_rpn_bbox": 0.04077527636429295, "s0.loss_cls": 0.08458048209547997, "s0.acc": 98.046875, "s0.loss_bbox": 0.04596537049859762, "s0.loss_mask": 0.4071288895606995, "s1.loss_cls": 0.030367436809465288, "s1.acc": 98.53515625, "s1.loss_bbox": 0.01873903979139868, "s1.loss_mask": 0.15972761251032352, "s2.loss_cls": 0.009493322202470154, "s2.acc": 99.609375, "s2.loss_bbox": 0.003023260024783667, "s2.loss_mask": 0.037099423645995555, "time": 0.3935795021057129, "epoch": 1, "iter": 400, "memory": 8496, "step": 400}
{"lr": 0.0012659325992659355, "data_time": 0.008711886405944825, "grad_norm": 11.819819097518922, "loss": 0.8361666440963745, "loss_rpn_cls": 0.01930681103374809, "loss_rpn_bbox": 0.021241891907993703, "s0.loss_cls": 0.08504931136965752, "s0.acc": 97.65625, "s0.loss_bbox": 0.047505969963967803, "s0.loss_mask": 0.3918090936541557, "s1.loss_cls": 0.03235424943268299, "s1.acc": 98.6328125, "s1.loss_bbox": 0.02530270821414888, "s1.loss_mask": 0.15439574517309665, "s2.loss_cls": 0.009900491810403764, "s2.acc": 99.70703125, "s2.loss_bbox": 0.00423909161661868, "s2.loss_mask": 0.04506128314882517, "time": 0.3847275018692017, "epoch": 1, "iter": 450, "memory": 8496, "step": 450}
{"lr": 0.0013326659993326694, "data_time": 0.008184056282043457, "grad_norm": 15.506533508300782, "loss": 0.8155517858266831, "loss_rpn_cls": 0.020811455263756214, "loss_rpn_bbox": 0.023658735998906194, "s0.loss_cls": 0.08743420451879501, "s0.acc": 98.828125, "s0.loss_bbox": 0.04588146418798715, "s0.loss_mask": 0.37340208381414414, "s1.loss_cls": 0.030489764232188462, "s1.acc": 98.92578125, "s1.loss_bbox": 0.021448621886083857, "s1.loss_mask": 0.15454018950462342, "s2.loss_cls": 0.01000401726923883, "s2.acc": 99.70703125, "s2.loss_bbox": 0.0039721285376072045, "s2.loss_mask": 0.04390911198221147, "time": 0.38802621364593504, "epoch": 1, "iter": 500, "memory": 8495, "step": 500}
{"lr": 0.0013993993993994022, "data_time": 0.007343263626098633, "grad_norm": 14.854172277450562, "loss": 0.8029053676128387, "loss_rpn_cls": 0.020381584577262402, "loss_rpn_bbox": 0.01731842302950099, "s0.loss_cls": 0.08502576120197773, "s0.acc": 96.97265625, "s0.loss_bbox": 0.046974210469052195, "s0.loss_mask": 0.3622230491042137, "s1.loss_cls": 0.02920048527419567, "s1.acc": 98.53515625, "s1.loss_bbox": 0.020366214038804172, "s1.loss_mask": 0.1563006529211998, "s2.loss_cls": 0.009668634464032948, "s2.acc": 99.0234375, "s2.loss_bbox": 0.0037704484352980216, "s2.loss_mask": 0.05167590378783643, "time": 0.39229267597198486, "epoch": 1, "iter": 550, "memory": 8496, "step": 550}
{"lr": 0.0014661327994661365, "data_time": 0.0075315523147583005, "grad_norm": 12.587377080917358, "loss": 0.8042892384529113, "loss_rpn_cls": 0.022999589908868075, "loss_rpn_bbox": 0.026788527495227754, "s0.loss_cls": 0.07336567342281342, "s0.acc": 98.33984375, "s0.loss_bbox": 0.03947717014700174, "s0.loss_mask": 0.39741583734750746, "s1.loss_cls": 0.026223878008313477, "s1.acc": 99.0234375, "s1.loss_bbox": 0.01672279483056627, "s1.loss_mask": 0.14633747546002268, "s2.loss_cls": 0.00978472825139761, "s2.acc": 99.51171875,