{"lr": 2.0000000000000066e-05, "data_time": 0.0010658613185292667, "grad_norm": 1.5708088994026184, "loss": 0.06606771189719439, "loss_rpn_cls": 0.00043127006632857955, "loss_rpn_bbox": 0.001130811367329443, "s0.loss_cls": 0.007058432642370462, "s0.acc": 99.90234375, "s0.loss_bbox": 0.002653913857648149, "s0.loss_mask": 0.02546726042404771, "s1.loss_cls": 0.0037539317074697463, "s1.acc": 99.90234375, "s1.loss_bbox": 0.003142351533751935, "s1.loss_mask": 0.012725523207336664, "s2.loss_cls": 0.0017920122877694666, "s2.acc": 100.0, "s2.loss_bbox": 0.002795765723567456, "s2.loss_mask": 0.005116439918056131, "time": 0.07580321228381284, "epoch": 60, "iter": 21531, "memory": 9510, "_timestamp": 1728222037.7790337, "_runtime": 9508.010241746902, "_step": 429, "coco/Table_precision": 0.961, "coco/bbox_mAP": 0.959, "coco/bbox_mAP_50": 0.985, "coco/bbox_mAP_75": 0.985, "coco/bbox_mAP_s": -1.0, "coco/bbox_mAP_m": 0.603, "coco/bbox_mAP_l": 0.962, "coco/segm_mAP": 0.961, "coco/segm_mAP_50": 0.985, "coco/segm_mAP_75": 0.985, "coco/segm_mAP_s": -1.0, "coco/segm_mAP_m": 0.603, "coco/segm_mAP_l": 0.963, "_wandb": {"runtime": 9507}}