{"lr": 0.000732065398732066, "data_time": 0.02396761417388916, "grad_norm": 2310092787.7875, "loss": 22949573.433007814, "loss_rpn_cls": 348341.4556704712, "loss_rpn_bbox": 197104.0163590622, "s0.loss_cls": 3535651.365671997, "s0.acc": 90.90908813476562, "s0.loss_bbox": 12371839.944096679, "s0.loss_mask": 854856.0594029707, "s1.loss_cls": 259963.71568756102, "s1.acc": 100.0, "s1.loss_bbox": 3431422.8362548826, "s1.loss_mask": 492817.6659215641, "s2.loss_cls": 26098.72308344841, "s2.acc": 100.0, "s2.loss_bbox": 1070524.1563061522, "s2.loss_mask": 360953.50581830024, "time": 0.40948359489440916, "epoch": 1, "iter": 50, "memory": 8504, "step": 50}
{"lr": 0.0007987987987987995, "data_time": 0.008448343276977539, "grad_norm": 766783.989741211, "loss": 4878.757464923859, "loss_rpn_cls": 18.135855201780796, "loss_rpn_bbox": 49.82578835725784, "s0.loss_cls": 1304.0386855351926, "s0.acc": 94.52054595947266, "s0.loss_bbox": 2134.0388378787043, "s0.loss_mask": 52.241380595862864, "s1.loss_cls": 43.35939768433571, "s1.acc": 95.89041137695312, "s1.loss_bbox": 943.9682195405662, "s1.loss_mask": 6.798301549106836, "s2.loss_cls": 27.464310177862643, "s2.acc": 95.89041137695312, "s2.loss_bbox": 295.911600273028, "s2.loss_mask": 2.9751534965634345, "time": 0.35605152130126955, "epoch": 1, "iter": 100, "memory": 8503, "step": 100}
{"lr": 0.000865532198865533, "data_time": 0.008339157104492187, "grad_norm": 25883.424913330076, "loss": 131.81690634012222, "loss_rpn_cls": 1.258108833823353, "loss_rpn_bbox": 8.27975341975689, "s0.loss_cls": 30.470788104832174, "s0.acc": 96.97265625, "s0.loss_bbox": 44.18145168244839, "s0.loss_mask": 7.820852878391743, "s1.loss_cls": 9.92509423226118, "s1.acc": 99.8046875, "s1.loss_bbox": 8.538214564286172, "s1.loss_mask": 0.575915846999269, "s2.loss_cls": 17.010535334125162, "s2.acc": 99.8046875, "s2.loss_bbox": 3.6790825856896117, "s2.loss_mask": 0.0771072345923213, "time": 0.37833410263061523, "epoch": 1, "iter": 150, "memory": 8503, "step": 150}
{"lr": 0.0009322655989322662, "data_time": 0.010668072700500488, "grad_norm": 298.5745127868652, "loss": 2.18584028840065, "loss_rpn_cls": 0.049289490776136514, "loss_rpn_bbox": 0.2984931664913893, "s0.loss_cls": 0.3177012906968594, "s0.acc": 95.41015625, "s0.loss_bbox": 0.2564230106770992, "s0.loss_mask": 0.7552457106113434, "s1.loss_cls": 0.1056861736997962, "s1.acc": 94.7265625, "s1.loss_bbox": 0.04141977050341666, "s1.loss_mask": 0.26833003558218477, "s2.loss_cls": 0.04346631111577153, "s2.acc": 98.53515625, "s2.loss_bbox": 0.008488830152782612, "s2.loss_mask": 0.041296503052581104, "time": 0.4002358818054199, "epoch": 1, "iter": 200, "memory": 8504, "step": 200}
{"lr": 0.0009989989989990006, "data_time": 0.011119413375854491, "grad_norm": 59.29690643310547, "loss": 1.133526435494423, "loss_rpn_cls": 0.03117409620899707, "loss_rpn_bbox": 0.07785262926481665, "s0.loss_cls": 0.16360697831958532, "s0.acc": 97.8515625, "s0.loss_bbox": 0.09263339141383767, "s0.loss_mask": 0.4478397399187088, "s1.loss_cls": 0.055864083217456936, "s1.acc": 99.70703125, "s1.loss_bbox": 0.028906351728364824, "s1.loss_mask": 0.17545442931354047, "s2.loss_cls": 0.014340276005677879, "s2.acc": 99.8046875, "s2.loss_bbox": 0.0035947116375609767, "s2.loss_mask": 0.04225973905296996, "time": 0.3986258125305176, "epoch": 1, "iter": 250, "memory": 8505, "step": 250}
{"coco/Table_precision": 0.008, "coco/bbox_mAP": 0.007, "coco/bbox_mAP_50": 0.034, "coco/bbox_mAP_75": 0.001, "coco/bbox_mAP_s": -1.0, "coco/bbox_mAP_m": 0.0, "coco/bbox_mAP_l": 0.007, "coco/segm_mAP": 0.008, "coco/segm_mAP_50": 0.035, "coco/segm_mAP_75": 0.001, "coco/segm_mAP_s": -1.0, "coco/segm_mAP_m": 0.0, "coco/segm_mAP_l": 0.008, "data_time": 0.0014482677555577629, "time": 0.16976037980535694, "step": 1}
