{"lr": 2.0000000000000066e-05, "data_time": 0.0010685453709867812, "grad_norm": 1.5793109107017518, "loss": 0.06595697920769453, "loss_rpn_cls": 0.0003135871307767957, "loss_rpn_bbox": 0.0015358803917479235, "s0.loss_cls": 0.007551139479037374, "s0.acc": 99.70703125, "s0.loss_bbox": 0.0023580977588426324, "s0.loss_mask": 0.02487976834177971, "s1.loss_cls": 0.00400273454899434, "s1.acc": 99.8046875, "s1.loss_bbox": 0.0023276018782053143, "s1.loss_mask": 0.01333485365845263, "s2.loss_cls": 0.0019958126719575374, "s2.acc": 99.70703125, "s2.loss_bbox": 0.0023281144828069954, "s2.loss_mask": 0.005329390023835003, "time": 0.07438600800701023, "epoch": 60, "iter": 19062, "memory": 8818, "_timestamp": 1728202210.7143128, "_runtime": 8361.554617881775, "_step": 369, "coco/Table_precision": 0.969, "coco/bbox_mAP": 0.968, "coco/bbox_mAP_50": 0.999, "coco/bbox_mAP_75": 0.999, "coco/bbox_mAP_s": -1.0, "coco/bbox_mAP_m": 0.901, "coco/bbox_mAP_l": 0.97, "coco/segm_mAP": 0.969, "coco/segm_mAP_50": 0.999, "coco/segm_mAP_75": 0.999, "coco/segm_mAP_s": -1.0, "coco/segm_mAP_m": 0.913, "coco/segm_mAP_l": 0.971, "_wandb": {"runtime": 8361}}