{"lr": 2.0000000000000066e-05, "data_time": 0.00098333741876282, "grad_norm": 2.0020164036750794, "loss": 0.08737372718751431, "loss_rpn_cls": 0.0008353205229650484, "loss_rpn_bbox": 0.0024657810729695486, "s0.loss_cls": 0.009525432891678065, "s0.acc": 99.70703125, "s0.loss_bbox": 0.004314717140514404, "s0.loss_mask": 0.03174122719094157, "s1.loss_cls": 0.005566701730713248, "s1.acc": 99.609375, "s1.loss_bbox": 0.00439405718119815, "s1.loss_mask": 0.015033180937170982, "s2.loss_cls": 0.002853919130284339, "s2.acc": 99.609375, "s2.loss_bbox": 0.003502317777602002, "s2.loss_mask": 0.007141071702353657, "time": 0.07506072675138498, "epoch": 60, "iter": 10416, "memory": 8873, "_timestamp": 1728166808.0743248, "_runtime": 5603.126642942429, "_step": 189, "coco/Table_precision": 0.865, "coco/bbox_mAP": 0.864, "coco/bbox_mAP_50": 0.95, "coco/bbox_mAP_75": 0.906, "coco/bbox_mAP_s": -1.0, "coco/bbox_mAP_m": 0.394, "coco/bbox_mAP_l": 0.864, "coco/segm_mAP": 0.865, "coco/segm_mAP_50": 0.95, "coco/segm_mAP_75": 0.915, "coco/segm_mAP_s": -1.0, "coco/segm_mAP_m": 0.39, "coco/segm_mAP_l": 0.865, "_wandb": {"runtime": 5602}}