{"lr": 2.0000000000000066e-05, "data_time": 0.0011139960633110755, "grad_norm": 1.660071940422058, "loss": 0.08167047001421451, "loss_rpn_cls": 0.0004633173524962331, "loss_rpn_bbox": 0.0010978616782813333, "s0.loss_cls": 0.010221442617475986, "s0.acc": 99.51171875, "s0.loss_bbox": 0.0038311441242694856, "s0.loss_mask": 0.028963611386716367, "s1.loss_cls": 0.004937387206591665, "s1.acc": 99.609375, "s1.loss_bbox": 0.004167148490669206, "s1.loss_mask": 0.015036013275384903, "s2.loss_cls": 0.002171956206439063, "s2.acc": 99.609375, "s2.loss_bbox": 0.003773618669365533, "s2.loss_mask": 0.007006967701017857, "time": 0.07979512583349169, "epoch": 60, "iter": 17596, "memory": 9046, "_timestamp": 1728685013.467968, "_runtime": 7878.482316017151, "_step": 309, "coco/Table_precision": 0.898, "coco/bbox_mAP": 0.895, "coco/bbox_mAP_50": 0.957, "coco/bbox_mAP_75": 0.922, "coco/bbox_mAP_s": -1.0, "coco/bbox_mAP_m": 1.0, "coco/bbox_mAP_l": 0.895, "coco/segm_mAP": 0.898, "coco/segm_mAP_50": 0.957, "coco/segm_mAP_75": 0.922, "coco/segm_mAP_s": -1.0, "coco/segm_mAP_m": 1.0, "coco/segm_mAP_l": 0.898, "_wandb": {"runtime": 7878}}