{"lr": 2.0000000000000066e-05, "data_time": 0.0012720036752445181, "grad_norm": 1.8782400012016296, "loss": 0.08785859093070031, "loss_rpn_cls": 0.0005504681564707425, "loss_rpn_bbox": 0.0033021019615989645, "s0.loss_cls": 0.009771990454755724, "s0.acc": 99.70703125, "s0.loss_bbox": 0.004163531726226211, "s0.loss_mask": 0.030380839202553033, "s1.loss_cls": 0.004706447425996884, "s1.acc": 99.609375, "s1.loss_bbox": 0.004757035234943033, "s1.loss_mask": 0.015982905337587, "s2.loss_cls": 0.002171738857286982, "s2.acc": 99.90234375, "s2.loss_bbox": 0.004755715943756514, "s2.loss_mask": 0.00731581773608923, "time": 0.08040303913588376, "epoch": 60, "iter": 19711, "memory": 9324, "_timestamp": 1728701215.2679474, "_runtime": 8801.95860338211, "_step": 369, "coco/Table_precision": 0.887, "coco/bbox_mAP": 0.885, "coco/bbox_mAP_50": 0.937, "coco/bbox_mAP_75": 0.909, "coco/bbox_mAP_s": -1.0, "coco/bbox_mAP_m": 0.9, "coco/bbox_mAP_l": 0.885, "coco/segm_mAP": 0.887, "coco/segm_mAP_50": 0.939, "coco/segm_mAP_75": 0.909, "coco/segm_mAP_s": -1.0, "coco/segm_mAP_m": 0.9, "coco/segm_mAP_l": 0.888, "_wandb": {"runtime": 8802}}