{"lr": 2.0000000000000066e-05, "data_time": 0.000996228319699647, "grad_norm": 1.7789314043521882, "loss": 0.07840059079229832, "loss_rpn_cls": 0.0006210234435638995, "loss_rpn_bbox": 0.001616559907924966, "s0.loss_cls": 0.008613481055945157, "s0.acc": 99.90234375, "s0.loss_bbox": 0.003051676881732419, "s0.loss_mask": 0.02965705068781972, "s1.loss_cls": 0.004199836098123342, "s1.acc": 100.0, "s1.loss_bbox": 0.0032371915492694827, "s1.loss_mask": 0.015315100662410258, "s2.loss_cls": 0.001924708292935975, "s2.acc": 99.8046875, "s2.loss_bbox": 0.003237103435676545, "s2.loss_mask": 0.006926859430968761, "time": 0.07888755954679895, "epoch": 60, "iter": 15649, "memory": 8701, "_timestamp": 1728331167.956891, "_runtime": 7673.270969152451, "_step": 309, "coco/Table_precision": 0.881, "coco/bbox_mAP": 0.882, "coco/bbox_mAP_50": 0.951, "coco/bbox_mAP_75": 0.925, "coco/bbox_mAP_s": -1.0, "coco/bbox_mAP_m": 0.43, "coco/bbox_mAP_l": 0.885, "coco/segm_mAP": 0.881, "coco/segm_mAP_50": 0.951, "coco/segm_mAP_75": 0.916, "coco/segm_mAP_s": -1.0, "coco/segm_mAP_m": 0.43, "coco/segm_mAP_l": 0.883, "_wandb": {"runtime": 7672}}