{"lr": 2.0000000000000066e-05, "data_time": 0.0010995631365431952, "grad_norm": 2.5302774906158447, "loss": 0.12257588155567646, "loss_rpn_cls": 0.0016545621015393408, "loss_rpn_bbox": 0.002957255983783398, "s0.loss_cls": 0.012384441420435906, "s0.acc": 99.609375, "s0.loss_bbox": 0.005958803119137883, "s0.loss_mask": 0.04388385489583015, "s1.loss_cls": 0.0071918146172538396, "s1.acc": 99.609375, "s1.loss_bbox": 0.007155530047602951, "s1.loss_mask": 0.021051373425871135, "s2.loss_cls": 0.004155496701132506, "s2.acc": 99.51171875, "s2.loss_bbox": 0.006864734718110412, "s2.loss_mask": 0.009318013624288142, "time": 0.07403140461321958, "epoch": 60, "iter": 8773, "memory": 8842, "_timestamp": 1728161192.068344, "_runtime": 3925.9728231430054, "_step": 129, "coco/Table_precision": 0.871, "coco/bbox_mAP": 0.869, "coco/bbox_mAP_50": 0.953, "coco/bbox_mAP_75": 0.93, "coco/bbox_mAP_s": -1.0, "coco/bbox_mAP_m": 0.471, "coco/bbox_mAP_l": 0.875, "coco/segm_mAP": 0.871, "coco/segm_mAP_50": 0.952, "coco/segm_mAP_75": 0.93, "coco/segm_mAP_s": -1.0, "coco/segm_mAP_m": 0.471, "coco/segm_mAP_l": 0.875, "_wandb": {"runtime": 3925}}