{"lr": 2.0000000000000066e-05, "data_time": 0.001038374360074702, "grad_norm": 1.5027279114723207, "loss": 0.06588577546179294, "loss_rpn_cls": 0.0005552482596067421, "loss_rpn_bbox": 0.0012632180555374362, "s0.loss_cls": 0.008266091141849756, "s0.acc": 99.70703125, "s0.loss_bbox": 0.0030656208423897623, "s0.loss_mask": 0.023095310777425767, "s1.loss_cls": 0.004425124116241932, "s1.acc": 99.90234375, "s1.loss_bbox": 0.0033741290145553647, "s1.loss_mask": 0.011454063383862376, "s2.loss_cls": 0.002368222055956721, "s2.acc": 99.609375, "s2.loss_bbox": 0.003192258740309626, "s2.loss_mask": 0.004826489670667797, "time": 0.07811746277759984, "epoch": 60, "iter": 23419, "memory": 9356, "_timestamp": 1728738785.2986434, "_runtime": 10433.793650388718, "_step": 429, "coco/Table_precision": 0.921, "coco/bbox_mAP": 0.921, "coco/bbox_mAP_50": 0.965, "coco/bbox_mAP_75": 0.939, "coco/bbox_mAP_s": -1.0, "coco/bbox_mAP_m": 0.9, "coco/bbox_mAP_l": 0.921, "coco/segm_mAP": 0.921, "coco/segm_mAP_50": 0.965, "coco/segm_mAP_75": 0.939, "coco/segm_mAP_s": -1.0, "coco/segm_mAP_m": 0.9, "coco/segm_mAP_l": 0.922, "_wandb": {"runtime": 10433}}