{"lr": 2.0000000000000066e-05, "data_time": 0.0009906769407038785, "grad_norm": 2.884825701713562, "loss": 0.1505996587872505, "loss_rpn_cls": 0.0018039046885678545, "loss_rpn_bbox": 0.0049763686314690855, "s0.loss_cls": 0.016588583388365805, "s0.acc": 99.21875, "s0.loss_bbox": 0.008742826008237899, "s0.loss_mask": 0.04721612859517336, "s1.loss_cls": 0.010929904012009502, "s1.acc": 99.609375, "s1.loss_bbox": 0.009504721639677883, "s1.loss_mask": 0.024837596956640482, "s2.loss_cls": 0.005644030345138162, "s2.acc": 99.90234375, "s2.loss_bbox": 0.007207744815386832, "s2.loss_mask": 0.013147850865498184, "time": 0.07963235539441206, "epoch": 60, "iter": 5183, "memory": 10090, "_timestamp": 1728646010.1643157, "_runtime": 3576.418612718582, "_step": 69, "coco/Table_precision": 0.79, "coco/bbox_mAP": 0.789, "coco/bbox_mAP_50": 0.913, "coco/bbox_mAP_75": 0.853, "coco/bbox_mAP_s": -1.0, "coco/bbox_mAP_m": 0.252, "coco/bbox_mAP_l": 0.791, "coco/segm_mAP": 0.79, "coco/segm_mAP_50": 0.912, "coco/segm_mAP_75": 0.855, "coco/segm_mAP_s": -1.0, "coco/segm_mAP_m": 0.236, "coco/segm_mAP_l": 0.792, "_wandb": {"runtime": 3576}}