{"lr": 0.000732065398732066, "data_time": 0.02242509841918945, "grad_norm": 4177646969.9738283, "loss": 53326591.30479217, "loss_rpn_cls": 519475.8533490753, "loss_rpn_bbox": 312245.89860660554, "s0.loss_cls": 1840.534725780487, "s0.acc": 91.48936462402344, "s0.loss_bbox": 38373826.390353546, "s0.loss_mask": 2029752.2316525495, "s1.loss_cls": 837005.4377694153, "s1.acc": 100.0, "s1.loss_bbox": 8139219.84496891, "s1.loss_mask": 85877.8122734648, "s2.loss_cls": 507853.4401577761, "s2.acc": 100.0, "s2.loss_bbox": 2133734.7243153765, "s2.loss_mask": 385759.1972557306, "time": 0.4083104944229126, "epoch": 1, "iter": 50, "memory": 8493, "step": 50}
