{"lr": 0.000732065398732066, "data_time": 0.021841244697570802, "grad_norm": 5.664786968231201, "loss": 1.3570260590314864, "loss_rpn_cls": 0.2493603363633156, "loss_rpn_bbox": 0.020710408301092685, "s0.loss_cls": 0.12562808336690068, "s0.acc": 96.6796875, "s0.loss_bbox": 0.03720283406737963, "s0.loss_mask": 0.5081126511096954, "s1.loss_cls": 0.0524267050717026, "s1.acc": 97.94921875, "s1.loss_bbox": 0.01027217035136573, "s1.loss_mask": 0.21974587999284267, "s2.loss_cls": 0.02849335131235421, "s2.acc": 99.21875, "s2.loss_bbox": 0.0009116298736881845, "s2.loss_mask": 0.10416200671344995, "time": 0.4814325428009033, "epoch": 1, "iter": 50, "memory": 8492, "step": 50}
{"lr": 0.0008348348348348355, "data_time": 0.012824387550354003, "grad_norm": 3.771675591468811, "loss": 0.774822746515274, "loss_rpn_cls": 0.029488444458693266, "loss_rpn_bbox": 0.01532572049763985, "s0.loss_cls": 0.06008028015494347, "s0.acc": 97.94921875, "s0.loss_bbox": 0.04570190042257309, "s0.loss_mask": 0.3834677231311798, "s1.loss_cls": 0.022437970135360957, "s1.acc": 98.2421875, "s1.loss_bbox": 0.017150044469162823, "s1.loss_mask": 0.14852423906326295, "s2.loss_cls": 0.00791552140377462, "s2.acc": 99.21875, "s2.loss_bbox": 0.0029844532697643443, "s2.loss_mask": 0.04174644876271486, "time": 0.42639062881469725, "epoch": 2, "iter": 127, "memory": 8493, "step": 127}
{"lr": 0.0009376042709376052, "data_time": 0.011706628799438477, "grad_norm": 7.441589488983154, "loss": 0.6746443873643875, "loss_rpn_cls": 0.02535133181139827, "loss_rpn_bbox": 0.022192706167697907, "s0.loss_cls": 0.04688968038186431, "s0.acc": 98.828125, "s0.loss_bbox": 0.042489573433995245, "s0.loss_mask": 0.2946609452366829, "s1.loss_cls": 0.019796151444315912, "s1.acc": 98.828125, "s1.loss_bbox": 0.02917059453204274, "s1.loss_mask": 0.12858851984143257, "s2.loss_cls": 0.00880356913432479, "s2.acc": 99.31640625, "s2.loss_bbox": 0.007200672392830256, "s2.loss_mask": 0.04950065424665809, "time": 0.41924993515014647, "epoch": 3, "iter": 204, "memory": 8493, "step": 204}
{"lr": 0.001040373707040375, "data_time": 0.010956439971923828, "grad_norm": 9.174962077140808, "loss": 0.6577330094575882, "loss_rpn_cls": 0.015675540594384075, "loss_rpn_bbox": 0.023129110179143028, "s0.loss_cls": 0.04223081568256021, "s0.acc": 99.12109375, "s0.loss_bbox": 0.029610779825598, "s0.loss_mask": 0.30073495507240294, "s1.loss_cls": 0.018514042310416697, "s1.acc": 98.92578125, "s1.loss_bbox": 0.02829230695962906, "s1.loss_mask": 0.1225348511338234, "s2.loss_cls": 0.008895898032933473, "s2.acc": 98.14453125, "s2.loss_bbox": 0.013136866874992848, "s2.loss_mask": 0.054977846294641496, "time": 0.4210470008850098, "epoch": 4, "iter": 281, "memory": 8493, "step": 281}
{"lr": 0.0011431431431431459, "data_time": 0.010808448791503906, "grad_norm": 7.100611934661865, "loss": 0.5816491961479187, "loss_rpn_cls": 0.015754902679473163, "loss_rpn_bbox": 0.025442741841543465, "s0.loss_cls": 0.04226313751190901, "s0.acc": 99.12109375, "s0.loss_bbox": 0.02864949676208198, "s0.loss_mask": 0.23759523391723633, "s1.loss_cls": 0.022183481389656663, "s1.acc": 98.14453125, "s1.loss_bbox": 0.030434754583984612, "s1.loss_mask": 0.10341834679245948, "s2.loss_cls": 0.010190719128586352, "s2.acc": 98.73046875, "s2.loss_bbox": 0.019038890227675437, "s2.loss_mask": 0.04667748723179102, "time": 0.43365016460418704, "epoch": 5, "iter": 358, "memory": 8494, "step": 358}
