{"lr": 2.0000000000000066e-05, "data_time": 0.0010449936499401014, "grad_norm": 2.6691677713394166, "loss": 0.14117379903793334, "loss_rpn_cls": 0.0026934084203094244, "loss_rpn_bbox": 0.003688888445030898, "s0.loss_cls": 0.013276165425777435, "s0.acc": 99.12109375, "s0.loss_bbox": 0.0066105130757205185, "s0.loss_mask": 0.04822581384330988, "s1.loss_cls": 0.010168650853447616, "s1.acc": 98.73046875, "s1.loss_bbox": 0.00843237319495529, "s1.loss_mask": 0.023503773473203184, "s2.loss_cls": 0.00513005827087909, "s2.acc": 98.92578125, "s2.loss_bbox": 0.006687296379823238, "s2.loss_mask": 0.0127568578440696, "time": 0.07547120749950409, "epoch": 60, "iter": 5183, "memory": 9495, "_timestamp": 1728129658.5959136, "_runtime": 3599.4763655662537, "_step": 69, "coco/Table_precision": 0.81, "coco/bbox_mAP": 0.807, "coco/bbox_mAP_50": 0.93, "coco/bbox_mAP_75": 0.866, "coco/bbox_mAP_s": -1.0, "coco/bbox_mAP_m": 0.208, "coco/bbox_mAP_l": 0.809, "coco/segm_mAP": 0.81, "coco/segm_mAP_50": 0.931, "coco/segm_mAP_75": 0.874, "coco/segm_mAP_s": -1.0, "coco/segm_mAP_m": 0.187, "coco/segm_mAP_l": 0.812, "_wandb": {"runtime": 3599}}