{"lr": 2.0000000000000066e-05, "data_time": 0.0010235280287070353, "grad_norm": 1.6812041127681732, "loss": 0.07817765325307846, "loss_rpn_cls": 0.0010343463878234615, "loss_rpn_bbox": 0.0013338053361803758, "s0.loss_cls": 0.007795178301166743, "s0.acc": 99.70703125, "s0.loss_bbox": 0.002928756240289658, "s0.loss_mask": 0.030278317984193562, "s1.loss_cls": 0.0033908076398074627, "s1.acc": 99.70703125, "s1.loss_bbox": 0.003631139654899016, "s1.loss_mask": 0.015420275712385774, "s2.loss_cls": 0.0017063144536223263, "s2.acc": 99.90234375, "s2.loss_bbox": 0.003718065384309739, "s2.loss_mask": 0.0069406463764607905, "time": 0.0745800657350509, "epoch": 60, "iter": 15649, "memory": 9016, "_timestamp": 1728193648.7456598, "_runtime": 7601.103825807571, "_step": 309, "coco/Table_precision": 0.887, "coco/bbox_mAP": 0.887, "coco/bbox_mAP_50": 0.95, "coco/bbox_mAP_75": 0.927, "coco/bbox_mAP_s": -1.0, "coco/bbox_mAP_m": 0.232, "coco/bbox_mAP_l": 0.889, "coco/segm_mAP": 0.887, "coco/segm_mAP_50": 0.95, "coco/segm_mAP_75": 0.927, "coco/segm_mAP_s": -1.0, "coco/segm_mAP_m": 0.232, "coco/segm_mAP_l": 0.891, "_wandb": {"runtime": 7600}}