{"lr": 2.0000000000000066e-05, "data_time": 0.0010026865318173268, "grad_norm": 1.7862337970733642, "loss": 0.07656006686389447, "loss_rpn_cls": 0.0008545939280520542, "loss_rpn_bbox": 0.001766750399256125, "s0.loss_cls": 0.009115836068522185, "s0.acc": 99.70703125, "s0.loss_bbox": 0.00398244947544299, "s0.loss_mask": 0.02789098922163248, "s1.loss_cls": 0.0041528044955339285, "s1.acc": 99.8046875, "s1.loss_bbox": 0.004067013978492469, "s1.loss_mask": 0.013605887750163675, "s2.loss_cls": 0.001776996337575838, "s2.acc": 100.0, "s2.loss_bbox": 0.003602300127968192, "s2.loss_mask": 0.005744445063173771, "time": 0.0783385151722392, "epoch": 60, "iter": 15649, "memory": 9205, "_timestamp": 1728709047.7323678, "_runtime": 7817.857506752014, "_step": 309, "coco/Table_precision": 0.858, "coco/bbox_mAP": 0.857, "coco/bbox_mAP_50": 0.934, "coco/bbox_mAP_75": 0.901, "coco/bbox_mAP_s": -1.0, "coco/bbox_mAP_m": 0.408, "coco/bbox_mAP_l": 0.858, "coco/segm_mAP": 0.858, "coco/segm_mAP_50": 0.935, "coco/segm_mAP_75": 0.9, "coco/segm_mAP_s": -1.0, "coco/segm_mAP_m": 0.408, "coco/segm_mAP_l": 0.858, "_wandb": {"runtime": 7817}}