{"lr": 2.0000000000000066e-05, "data_time": 0.0010020515550076359, "grad_norm": 2.72101859331131, "loss": 0.12391572885215282, "loss_rpn_cls": 0.002068401811629883, "loss_rpn_bbox": 0.0047122838323412, "s0.loss_cls": 0.0124052305938676, "s0.acc": 99.90234375, "s0.loss_bbox": 0.006119643291458488, "s0.loss_mask": 0.042498814798891546, "s1.loss_cls": 0.008203400783240795, "s1.acc": 99.51171875, "s1.loss_bbox": 0.007589555077720434, "s1.loss_mask": 0.020356273734942077, "s2.loss_cls": 0.004433656791225076, "s2.acc": 99.609375, "s2.loss_bbox": 0.006055930876173079, "s2.loss_mask": 0.009472537878900766, "time": 0.07833279780968068, "epoch": 60, "iter": 7770, "memory": 9070, "_timestamp": 1728661055.1294448, "_runtime": 4609.063161849976, "_step": 129, "coco/Table_precision": 0.817, "coco/bbox_mAP": 0.815, "coco/bbox_mAP_50": 0.908, "coco/bbox_mAP_75": 0.862, "coco/bbox_mAP_s": -1.0, "coco/bbox_mAP_m": 0.217, "coco/bbox_mAP_l": 0.818, "coco/segm_mAP": 0.817, "coco/segm_mAP_50": 0.909, "coco/segm_mAP_75": 0.862, "coco/segm_mAP_s": -1.0, "coco/segm_mAP_m": 0.216, "coco/segm_mAP_l": 0.819, "_wandb": {"runtime": 4608}}