{"lr": 0.000732065398732066, "data_time": 0.021141934394836425, "grad_norm": 2318217245.9725, "loss": 28469882.986972656, "loss_rpn_cls": 224637.57889739992, "loss_rpn_bbox": 162557.95329441072, "s0.loss_cls": 30906.1733984375, "s0.acc": 100.0, "s0.loss_bbox": 21647926.244248047, "s0.loss_mask": 513417.39832731424, "s1.loss_cls": 795140.0891764831, "s1.acc": 83.33332824707031, "s1.loss_bbox": 3666277.123626709, "s1.loss_mask": 10145.512377256564, "s2.loss_cls": 538.3263836669922, "s2.acc": 100.0, "s2.loss_bbox": 1201358.0168493653, "s2.loss_mask": 216977.82813913346, "time": 0.4058620023727417, "epoch": 1, "iter": 50, "memory": 8483, "step": 50}
{"lr": 0.0007987987987987995, "data_time": 0.007794132232666015, "grad_norm": 130867.66470825195, "loss": 926.9086979961395, "loss_rpn_cls": 6.76562120899558, "loss_rpn_bbox": 27.302929451465605, "s0.loss_cls": 125.77427059531212, "s0.acc": 99.4493408203125, "s0.loss_bbox": 458.87010653495787, "s0.loss_mask": 15.021784489750862, "s1.loss_cls": 31.394310312940902, "s1.acc": 99.5594711303711, "s1.loss_bbox": 195.9354573455453, "s1.loss_mask": 1.4620218745432794, "s2.loss_cls": 4.2467469882965085, "s2.acc": 99.66960144042969, "s2.loss_bbox": 58.87923401802778, "s2.loss_mask": 1.2562162734940647, "time": 0.34734580516815183, "epoch": 1, "iter": 100, "memory": 8484, "step": 100}
