{"lr": 2.0000000000000066e-05, "data_time": 0.0010939664447430482, "grad_norm": 2.7391697573661804, "loss": 0.1481982624530792, "loss_rpn_cls": 0.0011444126754213356, "loss_rpn_bbox": 0.004784164888551459, "s0.loss_cls": 0.014588907002471388, "s0.acc": 99.0234375, "s0.loss_bbox": 0.00881799079477787, "s0.loss_mask": 0.05293216142803431, "s1.loss_cls": 0.009188623181544245, "s1.acc": 99.609375, "s1.loss_bbox": 0.009293597876094281, "s1.loss_mask": 0.023068956565111876, "s2.loss_cls": 0.004801255343481898, "s2.acc": 99.12109375, "s2.loss_bbox": 0.008239957080222666, "s2.loss_mask": 0.011338234199211001, "time": 0.07355947592823776, "epoch": 60, "iter": 7652, "memory": 9118, "_timestamp": 1728152077.8896759, "_runtime": 3424.032727956772, "_step": 129, "coco/Table_precision": 0.864, "coco/bbox_mAP": 0.862, "coco/bbox_mAP_50": 0.946, "coco/bbox_mAP_75": 0.933, "coco/bbox_mAP_s": -1.0, "coco/bbox_mAP_m": 0.562, "coco/bbox_mAP_l": 0.866, "coco/segm_mAP": 0.864, "coco/segm_mAP_50": 0.946, "coco/segm_mAP_75": 0.944, "coco/segm_mAP_s": -1.0, "coco/segm_mAP_m": 0.624, "coco/segm_mAP_l": 0.867, "_wandb": {"runtime": 3423}}