{"lr": 2.0000000000000066e-05, "data_time": 0.009470763206481934, "grad_norm": 3.205534439086914, "loss": 0.15620988719165324, "loss_rpn_cls": 0.00137145679553214, "loss_rpn_bbox": 0.0037371347247972153, "s0.loss_cls": 0.02059591715224087, "s0.acc": 99.12109375, "s0.loss_bbox": 0.009938948745839298, "s0.loss_mask": 0.04882116364315152, "s1.loss_cls": 0.00981378135504201, "s1.acc": 99.51171875, "s1.loss_bbox": 0.012601139338221401, "s1.loss_mask": 0.023937194496393203, "s2.loss_cls": 0.004960981216572691, "s2.acc": 99.90234375, "s2.loss_bbox": 0.009776897036936134, "s2.loss_mask": 0.010655275052413345, "time": 0.43308492183685304, "epoch": 100, "iter": 77371, "memory": 8625, "_timestamp": 1725494556.5750475, "_runtime": 32864.76117658615, "_step": 1498, "coco/Table_precision": 0.826, "coco/bbox_mAP": 0.823, "coco/bbox_mAP_50": 0.924, "coco/bbox_mAP_75": 0.864, "coco/bbox_mAP_s": -1.0, "coco/bbox_mAP_m": -1.0, "coco/bbox_mAP_l": 0.823, "coco/segm_mAP": 0.826, "coco/segm_mAP_50": 0.924, "coco/segm_mAP_75": 0.88, "coco/segm_mAP_s": -1.0, "coco/segm_mAP_m": -1.0, "coco/segm_mAP_l": 0.826}