{"lr": 2.0000000000000066e-05, "data_time": 0.0011558127157466928, "grad_norm": 3.2393582963943484, "loss": 0.16055608555674553, "loss_rpn_cls": 0.002067081543209497, "loss_rpn_bbox": 0.005432399754063226, "s0.loss_cls": 0.01713808729778975, "s0.acc": 99.70703125, "s0.loss_bbox": 0.007501668673940003, "s0.loss_mask": 0.05320559602230787, "s1.loss_cls": 0.010526582766324281, "s1.acc": 98.53515625, "s1.loss_bbox": 0.009666851917281748, "s1.loss_mask": 0.026623228080570698, "s2.loss_cls": 0.005346400875132531, "s2.acc": 98.14453125, "s2.loss_bbox": 0.008365372938569635, "s2.loss_mask": 0.014682815112173557, "time": 0.07858414994072668, "epoch": 60, "iter": 6826, "memory": 9560, "_timestamp": 1728289252.9153168, "_runtime": 3117.1474928855896, "_step": 129, "coco/Table_precision": 0.803, "coco/bbox_mAP": 0.811, "coco/bbox_mAP_50": 0.932, "coco/bbox_mAP_75": 0.847, "coco/bbox_mAP_s": -1.0, "coco/bbox_mAP_m": 0.0, "coco/bbox_mAP_l": 0.817, "coco/segm_mAP": 0.803, "coco/segm_mAP_50": 0.935, "coco/segm_mAP_75": 0.849, "coco/segm_mAP_s": -1.0, "coco/segm_mAP_m": 0.0, "coco/segm_mAP_l": 0.811, "_wandb": {"runtime": 3116}}