{"lr": 2.0000000000000066e-05, "data_time": 0.0011740689425124335, "grad_norm": 1.8177232503890992, "loss": 0.0722297728061676, "loss_rpn_cls": 0.0006979982521079364, "loss_rpn_bbox": 0.0014809873688500376, "s0.loss_cls": 0.007412703724112362, "s0.acc": 99.51171875, "s0.loss_bbox": 0.0029868872952647507, "s0.loss_mask": 0.027707334142178297, "s1.loss_cls": 0.00407526868279092, "s1.acc": 99.0234375, "s1.loss_bbox": 0.0030902045127004386, "s1.loss_mask": 0.014184231543913484, "s2.loss_cls": 0.001791618168936111, "s2.acc": 99.4140625, "s2.loss_bbox": 0.0023809864110080525, "s2.loss_mask": 0.006421552570536733, "time": 0.07382154833410204, "epoch": 60, "iter": 11891, "memory": 8886, "_timestamp": 1728155371.9262257, "_runtime": 5255.742802619934, "_step": 189, "coco/Table_precision": 0.895, "coco/bbox_mAP": 0.894, "coco/bbox_mAP_50": 0.951, "coco/bbox_mAP_75": 0.94, "coco/bbox_mAP_s": -1.0, "coco/bbox_mAP_m": 0.595, "coco/bbox_mAP_l": 0.899, "coco/segm_mAP": 0.895, "coco/segm_mAP_50": 0.951, "coco/segm_mAP_75": 0.94, "coco/segm_mAP_s": -1.0, "coco/segm_mAP_m": 0.644, "coco/segm_mAP_l": 0.9, "_wandb": {"runtime": 5255}}