{"lr": 2.0000000000000066e-05, "data_time": 0.0011065633026594967, "grad_norm": 1.7310302484035491, "loss": 0.06782268099486828, "loss_rpn_cls": 0.0004528327132720733, "loss_rpn_bbox": 0.0020765563045279122, "s0.loss_cls": 0.007134174257516861, "s0.acc": 99.8046875, "s0.loss_bbox": 0.002763096682028845, "s0.loss_mask": 0.026383221708238126, "s1.loss_cls": 0.003166539928060956, "s1.acc": 99.70703125, "s1.loss_bbox": 0.003322215789812617, "s1.loss_mask": 0.012293325699865819, "s2.loss_cls": 0.0015222989459289238, "s2.acc": 99.8046875, "s2.loss_bbox": 0.003423374283593148, "s2.loss_mask": 0.005285044047050178, "time": 0.07325225884152442, "epoch": 60, "iter": 21649, "memory": 9455, "_timestamp": 1728238963.521437, "_runtime": 9493.645457029343, "_step": 429, "coco/Table_precision": 0.922, "coco/bbox_mAP": 0.917, "coco/bbox_mAP_50": 0.96, "coco/bbox_mAP_75": 0.95, "coco/bbox_mAP_s": -1.0, "coco/bbox_mAP_m": 0.678, "coco/bbox_mAP_l": 0.922, "coco/segm_mAP": 0.922, "coco/segm_mAP_50": 0.96, "coco/segm_mAP_75": 0.96, "coco/segm_mAP_s": -1.0, "coco/segm_mAP_m": 0.703, "coco/segm_mAP_l": 0.923, "_wandb": {"runtime": 9493}}