{"lr": 2.0000000000000066e-05, "data_time": 0.0010126636602767042, "grad_norm": 1.507351874113083, "loss": 0.060916648469865324, "loss_rpn_cls": 0.0004267904916014231, "loss_rpn_bbox": 0.0020064627536339687, "s0.loss_cls": 0.006627789090853185, "s0.acc": 99.8046875, "s0.loss_bbox": 0.0026322117913514377, "s0.loss_mask": 0.024026941489428282, "s1.loss_cls": 0.0030584307131357492, "s1.acc": 99.90234375, "s1.loss_bbox": 0.0024768013029824944, "s1.loss_mask": 0.01066523945890367, "s2.loss_cls": 0.001574522114242427, "s2.acc": 99.90234375, "s2.loss_bbox": 0.002340737278573215, "s2.loss_mask": 0.005080721171107143, "time": 0.07739618260147081, "epoch": 60, "iter": 18295, "memory": 9321, "_timestamp": 1728347735.2277317, "_runtime": 8794.00211763382, "_step": 369, "coco/Table_precision": 0.874, "coco/bbox_mAP": 0.874, "coco/bbox_mAP_50": 0.935, "coco/bbox_mAP_75": 0.911, "coco/bbox_mAP_s": -1.0, "coco/bbox_mAP_m": 0.303, "coco/bbox_mAP_l": 0.875, "coco/segm_mAP": 0.874, "coco/segm_mAP_50": 0.936, "coco/segm_mAP_75": 0.911, "coco/segm_mAP_s": -1.0, "coco/segm_mAP_m": 0.303, "coco/segm_mAP_l": 0.875, "_wandb": {"runtime": 8793}}