{"lr": 2.0000000000000066e-05, "data_time": 0.0010320976114309554, "grad_norm": 2.019288402795792, "loss": 0.09340805560350418, "loss_rpn_cls": 0.0005247276228328701, "loss_rpn_bbox": 0.0019613640989700797, "s0.loss_cls": 0.009216153756715357, "s0.acc": 99.31640625, "s0.loss_bbox": 0.004011769237695262, "s0.loss_mask": 0.033793034683912995, "s1.loss_cls": 0.004859420801512897, "s1.acc": 99.4140625, "s1.loss_bbox": 0.004895912776701153, "s1.loss_mask": 0.01841065714135766, "s2.loss_cls": 0.0025656680588144807, "s2.acc": 99.51171875, "s2.loss_bbox": 0.004986686971969903, "s2.loss_mask": 0.00818266047630459, "time": 0.07760754996068439, "epoch": 60, "iter": 13003, "memory": 9141, "_timestamp": 1728691811.675727, "_runtime": 6780.728433847427, "_step": 249, "coco/Table_precision": 0.844, "coco/bbox_mAP": 0.844, "coco/bbox_mAP_50": 0.917, "coco/bbox_mAP_75": 0.884, "coco/bbox_mAP_s": -1.0, "coco/bbox_mAP_m": 0.337, "coco/bbox_mAP_l": 0.845, "coco/segm_mAP": 0.844, "coco/segm_mAP_50": 0.918, "coco/segm_mAP_75": 0.884, "coco/segm_mAP_s": -1.0, "coco/segm_mAP_m": 0.353, "coco/segm_mAP_l": 0.845, "_wandb": {"runtime": 6780}}